id;name;category;rank
80;Альфа-Банк;💎 ГИГАНТЫ;1
4181;ВТБ;💎 ГИГАНТЫ;2
4233;X5 Group;💎 ГИГАНТЫ;3
3388;Газпромбанк;💎 ГИГАНТЫ;4
205;Mars (бренды Snickers, M&M’s, Orbit, Royal Canin, Pedigree, Whiskas и другие);💎 ГИГАНТЫ;5
1740;Яндекс;💎 ГИГАНТЫ;6
208707;ВсеИнструменты.ру;💎 ГИГАНТЫ;7
2460946;Самокат;💎 ГИГАНТЫ;8
4219;T2 (Tele2);💎 ГИГАНТЫ;9
780654;Lamoda;💎 ГИГАНТЫ;10
6041;Северсталь;💎 ГИГАНТЫ;11
7944;Совкомбанк;💎 ГИГАНТЫ;12
988387;Группа НЛМК;💎 ГИГАНТЫ;13
895945;Правительство Москвы;💎 ГИГАНТЫ;14
3809;СИБУР;💎 ГИГАНТЫ;15
5123074;АН Этажи;💎 ГИГАНТЫ;16
84585;Авито;💎 ГИГАНТЫ;17
15478;VK;💎 ГИГАНТЫ;18
478;«Свеза»;💎 ГИГАНТЫ;19
41862;Контур;💎 ГИГАНТЫ;20
52839;Автохолдинг КЛЮЧАВТО;💎 ГИГАНТЫ;21
2180;Ozon;💎 ГИГАНТЫ;22
1942330;Пятёрочка;💎 ГИГАНТЫ;23
370;АльфаСтрахование;💎 ГИГАНТЫ;24
2261;Балтика, пивоваренная компания (Балтика, Žatecký Gus, Flash Up, Tonys Garret, Krone Blanche Biere, Green Beat);💎 ГИГАНТЫ;25
1346;Группа Черкизово;💎 ГИГАНТЫ;26
3127;МегаФон;💎 ГИГАНТЫ;27
2121966;Аптеки Плюс;💎 ГИГАНТЫ;28
4649269;ИТ-холдинг Т1 (бренды Т1.Иннотех, НОТА, Т1.Сервионика, Т1. ИИ, Т1.Облако, Т1.Интеграция, Т1.Цифровая Академия);💎 ГИГАНТЫ;29
52951;КАМАЗ;💎 ГИГАНТЫ;30
10477195;Самолет Плюс;💎 ГИГАНТЫ;31
15959;AB InBev Efes (BUD, Spaten, Efes Pilsener, Stella Artois, Velkopopovický Kozel, Hoegaarden, Abbe, Essa, «Старый Мельник из Бочонка», Volt и др.);💎 ГИГАНТЫ;32
8582;Лемана ПРО;💎 ГИГАНТЫ;33
2624085;Вкусно – и точка;💎 ГИГАНТЫ;34
77364;Петрович;💎 ГИГАНТЫ;35
2120;Азбука вкуса;💎 ГИГАНТЫ;36
733;ЛАНИТ;💎 ГИГАНТЫ;37
2492;МОСКОВСКИЙ КРЕДИТНЫЙ БАНК;💎 ГИГАНТЫ;38
6591;ПСБ;💎 ГИГАНТЫ;39
59;РОЛЬФ;💎 ГИГАНТЫ;40
2353;Силовые машины;💎 ГИГАНТЫ;41
30151;ЭТМ;💎 ГИГАНТЫ;42
196621;Fix Price;💎 ГИГАНТЫ;43
142809;ВЛАДИС;💎 ГИГАНТЫ;44
81873;ИНК;💎 ГИГАНТЫ;45
1942336;Перекрёсток;💎 ГИГАНТЫ;46
813458;Агроэко;💎 ГИГАНТЫ;47
5694;Комус;💎 ГИГАНТЫ;48
1067459;КАО «Азот»;💎 ГИГАНТЫ;49
2343;Спортмастер;💎 ГИГАНТЫ;50
1102601;Самолет;💎 ГИГАНТЫ;51
31050;РИВ ГОШ;💎 ГИГАНТЫ;52
2523;Группа М.Видео-Эльдорадо;💎 ГИГАНТЫ;53
673;METRO Россия;💎 ГИГАНТЫ;54
4309;Ингосстрах;💎 ГИГАНТЫ;55
7172;ЛЕНТА;💎 ГИГАНТЫ;56
798923;VOXYS;💎 ГИГАНТЫ;57
2227671;ФосАгро;💎 ГИГАНТЫ;58
625332;Бургер Кинг;💎 ГИГАНТЫ;59
6093;INVITRO;💎 ГИГАНТЫ;60
32569;Русклимат;💎 ГИГАНТЫ;61
46587;Сима-ленд;💎 ГИГАНТЫ;62
1485;ФМ Ложистик;💎 ГИГАНТЫ;63
60377;ITECO;💎 ГИГАНТЫ;64
660;Горьковский автозавод;💎 ГИГАНТЫ;65
1993194;YADRO;💎 ГИГАНТЫ;66
1011251;Дамате;💎 ГИГАНТЫ;67
54979;Ашан Ритейл Россия;💎 ГИГАНТЫ;68
1439;ВСК;💎 ГИГАНТЫ;69
23537;FESCO;💎 ГИГАНТЫ;70
4483549;ПОБЕДА;💎 ГИГАНТЫ;71
6131;Трубная Металлургическая Компания;💎 ГИГАНТЫ;72
3607;ПАО Россети;💎 ГИГАНТЫ;73
981;Концерн Калашников, Калашников;💎 ГИГАНТЫ;74
44;Группа Акрон;💎 ГИГАНТЫ;75
12550;ПИК;💎 ГИГАНТЫ;76
29413;Деловые Линии;💎 ГИГАНТЫ;77
4394;ОТП Банк;💎 ГИГАНТЫ;78
42713;ЕвроАвто;💎 ГИГАНТЫ;79
1083758;Delko;💎 ГИГАНТЫ;80
140987;Группа Эталон;💎 ГИГАНТЫ;81
8434;РусГидро;💎 ГИГАНТЫ;82
766468;S7;💎 ГИГАНТЫ;83
19989;ЕВРАЗ;💎 ГИГАНТЫ;84
55440;Melon Fashion Group;💎 ГИГАНТЫ;85
2368;NOVABEV GROUP (BELUGA GROUP);💎 ГИГАНТЫ;86
23186;РУСАГРО;💎 ГИГАНТЫ;87
73886;FES retail;💎 ГИГАНТЫ;88
18384;Глобус;💎 ГИГАНТЫ;89
522;ОМК;💎 ГИГАНТЫ;90
1100167;Казанский (Приволжский) федеральный университет;💎 ГИГАНТЫ;91
1838;HR-холдинг Ventra;💎 ГИГАНТЫ;92
1038532;SOKOLOV;💎 ГИГАНТЫ;93
20839;ГК Черноголовка (Черноголовка, Любятово, FRYs, Unicorn, Байкал, Gipopo);💎 ГИГАНТЫ;94
816144;ВкусВилл;💎 ГИГАНТЫ;95
67611;Тензор;💎 ГИГАНТЫ;96
19804;СМ-Клиника;💎 ГИГАНТЫ;97
11580;Фармстандарт;💎 ГИГАНТЫ;98
102441;КуулКлевер;💎 ГИГАНТЫ;99
3048554;АО УК Кузбассразрезуголь;💎 ГИГАНТЫ;100
3558;iFCM;💎 ГИГАНТЫ;101
3530;СДЭК;💎 ГИГАНТЫ;102
38322;Уралкалий;💎 ГИГАНТЫ;103
132656;ГК Аптечная сеть 36,6;💎 ГИГАНТЫ;104
158720;Hoff;💎 ГИГАНТЫ;105
20986;АЛИДИ;💎 ГИГАНТЫ;106
544224;Аскона;💎 ГИГАНТЫ;107
1272486;Купер;💎 ГИГАНТЫ;108
924205;ТОКИО-CITY;💎 ГИГАНТЫ;109
4232036;СберЛогистика;💎 ГИГАНТЫ;110
19370;Segezha Group;💎 ГИГАНТЫ;111
67181;УРАЛХИМ;💎 ГИГАНТЫ;112
922820;АВТОСЕТЬ.РФ;💎 ГИГАНТЫ;113
56171;Макси;💎 ГИГАНТЫ;114
5994505;Два Колеса;💎 ГИГАНТЫ;115
10762898;MANTERA;💎 ГИГАНТЫ;116
882034;Ренна-Холдинг;💎 ГИГАНТЫ;117
821099;РМ Рейл;💎 ГИГАНТЫ;118
1043716;ГАЛАМАРТ;💎 ГИГАНТЫ;119
5599;Лаборатория Гемотест;💎 ГИГАНТЫ;120
177751;Максавит;💎 ГИГАНТЫ;121
1627160;Башнефтегеофизика;💎 ГИГАНТЫ;122
200686;Торговая сеть Европа;💎 ГИГАНТЫ;123
562530;Аптечная сеть Фармленд;💎 ГИГАНТЫ;124
103816;«Россети Московский регион»;💎 ГИГАНТЫ;125
47939;АК БАРС БАНК;💎 ГИГАНТЫ;126
242574;Группа компаний Агропромкомплектация;💎 ГИГАНТЫ;127
773295;ВСМПО-АВИСМА;💎 ГИГАНТЫ;128
162038;Компания Русский Свет;💎 ГИГАНТЫ;129
57770;Торговая сеть Мария-Ра;💎 ГИГАНТЫ;130
40060;НТА;💎 ГИГАНТЫ;131
5740607;ДГК;💎 ГИГАНТЫ;132
157215;Читай-город;💎 ГИГАНТЫ;133
855984;Газпром трансгаз Томск;💎 ГИГАНТЫ;134
245592;ROSSKO;💎 ГИГАНТЫ;135
102401;Объединенная энергетическая компания;💎 ГИГАНТЫ;136
2794180;СЕТЕВАЯ КОМПАНИЯ;💎 ГИГАНТЫ;137
40493;ДОБРОЦЕН;💎 ГИГАНТЫ;138
4880;Детский Мир;💎 ГИГАНТЫ;139
1068873;Агропромышленный холдинг «Дороничи»;💎 ГИГАНТЫ;140
99501;Стройтранснефтегаз;💎 ГИГАНТЫ;141
21371;Тануки;💎 ГИГАНТЫ;142
240334;Восточная Горнорудная Компания;💎 ГИГАНТЫ;143
2169430;Сеченовский Университет;💎 ГИГАНТЫ;144
2949170;ПАО ДЭК;💎 ГИГАНТЫ;145
23772;Россети Урал;💎 ГИГАНТЫ;146
4531830;РЕШЕТНЁВ;💎 ГИГАНТЫ;147
247279;Фирма Агрокомплекс им. Н.И. Ткачева (Агрокомплекс Выселковский);💎 ГИГАНТЫ;148
3710;Cordiant;💎 ГИГАНТЫ;149
125493;Авиакомпания Россия;💎 ГИГАНТЫ;150
27708;Мосэнерго;💎 ГИГАНТЫ;151
4259769;Дальневосточная распределительная сетевая компания;💎 ГИГАНТЫ;152
1057;Лаборатория Касперского;🏢 КРУПНЫЕ;1
2276825;Игорная зона «Красная Поляна»;🏢 КРУПНЫЕ;2
2880362;Level Group;🏢 КРУПНЫЕ;3
3982116;СберМаркетинг;🏢 КРУПНЫЕ;4
64174;2ГИС;🏢 КРУПНЫЕ;5
3443;Банк ДОМ.РФ;🏢 КРУПНЫЕ;6
1806177;Главгосэкспертиза России;🏢 КРУПНЫЕ;7
2292;ИЗДАТЕЛЬСТВО ЭКСМО;🏢 КРУПНЫЕ;8
4131;Avilon Group;🏢 КРУПНЫЕ;9
2324020;Банк Точка;🏢 КРУПНЫЕ;10
2804795;Мегамаркет;🏢 КРУПНЫЕ;11
909311;Аптечная сеть Здоровье;🏢 КРУПНЫЕ;12
128645;МИЭЛЬ;🏢 КРУПНЫЕ;13
12849;«Филип Моррис Интернэшнл» в России;🏢 КРУПНЫЕ;14
162;JTI (Japan Tobacco International);🏢 КРУПНЫЕ;15
75380;СИНЕМА ПАРК и Формула Кино;🏢 КРУПНЫЕ;16
4108;«Юнилевер Русь» (Дав, Доместос, «Чистая Линия», Рексона, «Бархатные ручки», Кнорр, «Золотой Стандарт» и др).;🏢 КРУПНЫЕ;17
212143;КАН АВТО;🏢 КРУПНЫЕ;18
42600;Naumen;🏢 КРУПНЫЕ;19
785095;Альфа-Лизинг;🏢 КРУПНЫЕ;20
2987;КРОК;🏢 КРУПНЫЕ;21
11680;ДОМ.РФ;🏢 КРУПНЫЕ;22
3168543;Русский Краб;🏢 КРУПНЫЕ;23
17128;Бриз - Климатические Системы;🏢 КРУПНЫЕ;24
75561;ТрансТехСервис;🏢 КРУПНЫЕ;25
912959;Тематический парк Сочи-Парк;🏢 КРУПНЫЕ;26
838415;АВТОРУСЬ;🏢 КРУПНЫЕ;27
3565312;Мэрия города Казани;🏢 КРУПНЫЕ;28
68587;"Особая экономическая зона «Алабуга» *
* по результатам опроса офисных сотрудников";🏢 КРУПНЫЕ;29
13157;Алкогольная Сибирская группа;🏢 КРУПНЫЕ;30
5744540;«Фоксфорд»;🏢 КРУПНЫЕ;31
5488399;Ecom.tech (Samokat.tech);🏢 КРУПНЫЕ;32
2136954;Домклик;🏢 КРУПНЫЕ;33
7160;ЦЕМЕНТУМ | CEMENTUM (ex-Holcim Russia, Холсим Россия, ЛафаржХолсим);🏢 КРУПНЫЕ;34
613560;FRESH (Автомобильный маркетплейс);🏢 КРУПНЫЕ;35
718392;Абрау-Дюрсо;🏢 КРУПНЫЕ;36
563765;РБК;🏢 КРУПНЫЕ;37
2057439;Государственная Третьяковская Галерея;🏢 КРУПНЫЕ;38
62136;Sminex;🏢 КРУПНЫЕ;39
1066298;Fonbet/Фонбет;🏢 КРУПНЫЕ;40
2381;Softline;🏢 КРУПНЫЕ;41
5076393;5Post;🏢 КРУПНЫЕ;42
866666;BetBoom;🏢 КРУПНЫЕ;43
1429999;Циан;🏢 КРУПНЫЕ;44
2596486;Группа компаний ОСНОВА;🏢 КРУПНЫЕ;45
3783;Банк Санкт-Петербург (БСПБ);🏢 КРУПНЫЕ;46
3785152;Eqvanta (Быстроденьги);🏢 КРУПНЫЕ;47
77911;Сахалинская Энергия;🏢 КРУПНЫЕ;48
2532990;Железно;🏢 КРУПНЫЕ;49
1122462;Skyeng;🏢 КРУПНЫЕ;50
1329;Европлан;🏢 КРУПНЫЕ;51
633069;Selectel;🏢 КРУПНЫЕ;52
1100111;EKONIKA;🏢 КРУПНЫЕ;53
4779813;Авторитэйл;🏢 КРУПНЫЕ;54
160748;ГНИВЦ (проекты: Личный кабинет налогоплательщика, приложения: «Мой налог», «Личный кабинет ИП», «Реестр ЗАГС», «Проверка чеков ФНС России»);🏢 КРУПНЫЕ;55
58300;РОКВУЛ;🏢 КРУПНЫЕ;56
105688;Агрохолдинг Белая Дача;🏢 КРУПНЫЕ;57
219425;Kokoc Group;🏢 КРУПНЫЕ;58
7350;Русбизнесавто;🏢 КРУПНЫЕ;59
5060211;Группа Астра (Astra Linux, ALD Pro, RuBackup, Termidesk, WorksPad, RuPost, GitFlic, Tantor и др.);🏢 КРУПНЫЕ;60
163092;Светогорский ЦБК;🏢 КРУПНЫЕ;61
65660;Максимум, Автомобильный холдинг;🏢 КРУПНЫЕ;62
13482;Газпромтранс;🏢 КРУПНЫЕ;63
8620;Rambler&Co;🏢 КРУПНЫЕ;64
52719;Орматек;🏢 КРУПНЫЕ;65
3400;АстраЗенека;🏢 КРУПНЫЕ;66
83214;Валта (Award, Мнямс, Mr.Kranch);🏢 КРУПНЫЕ;67
883893;Мосинжпроект;🏢 КРУПНЫЕ;68
139;IBS;🏢 КРУПНЫЕ;69
4670572;Rubytech (Рубитех);🏢 КРУПНЫЕ;70
6015;Ридан;🏢 КРУПНЫЕ;71
566;OCS;🏢 КРУПНЫЕ;72
3095;Инфосистемы Джет;🏢 КРУПНЫЕ;73
3984;Рексофт;🏢 КРУПНЫЕ;74
27879;Сеть ресторанов Теремок;🏢 КРУПНЫЕ;75
3168969;АЗС ИРБИС;🏢 КРУПНЫЕ;76
108082;ФомЛайн;🏢 КРУПНЫЕ;77
54272;Завод приборных подшипников Самара;🏢 КРУПНЫЕ;78
2199331;Дятьково;🏢 КРУПНЫЕ;79
579;КОФЕМАНИЯ;🏢 КРУПНЫЕ;80
131398;ГК ФСК;🏢 КРУПНЫЕ;81
4162557;ГК Страна Девелопмент;🏢 КРУПНЫЕ;82
6004;Nexign;🏢 КРУПНЫЕ;83
4816;ТБМ;🏢 КРУПНЫЕ;84
5709;Кантата;🏢 КРУПНЫЕ;85
2353109;Холдинг Афанасий;🏢 КРУПНЫЕ;86
1224895;«ТЭК «ОЛИМП»;🏢 КРУПНЫЕ;87
5564151;ГК Альфа;🏢 КРУПНЫЕ;88
4920;Hochland;🏢 КРУПНЫЕ;89
5923;Ренессанс Банк;🏢 КРУПНЫЕ;90
19623;Симпл;🏢 КРУПНЫЕ;91
2494;Москабельмет, МКМ;🏢 КРУПНЫЕ;92
12240;клиники Будь Здоров;🏢 КРУПНЫЕ;93
4487;Клининговая компания Ронова;🏢 КРУПНЫЕ;94
1073798;GRASS;🏢 КРУПНЫЕ;95
4121;Издательство АСТ;🏢 КРУПНЫЕ;96
302;Система клиник МЕДИ;🏢 КРУПНЫЕ;97
113411;КСА ДОЙТАГ Раша;🏢 КРУПНЫЕ;98
10422;курорт Роза Хутор;🏢 КРУПНЫЕ;99
3853446;Cloud.ru;🏢 КРУПНЫЕ;100
8893;ИНВЕСТИЦИОННАЯ ГРУППА АБСОЛЮТ;🏢 КРУПНЫЕ;101
3852;IEK GROUP;🏢 КРУПНЫЕ;102
6244;Cersanit. Керамик Солюшнс Рус;🏢 КРУПНЫЕ;103
25763;AGR Automotive Group (автозаводы в г. Калуга, г. Санкт-Петербург);🏢 КРУПНЫЕ;104
109969;CallTraffic;🏢 КРУПНЫЕ;105
65816;Экомилк;🏢 КРУПНЫЕ;106
5252835;Калужский турбинный завод;🏢 КРУПНЫЕ;107
232186;ПРОГРЕСС (ФрутоНяня);🏢 КРУПНЫЕ;108
2742952;Работа - это просто;🏢 КРУПНЫЕ;109
675;КОРУС Консалтинг;🏢 КРУПНЫЕ;110
1443514;Бауцентр;🏢 КРУПНЫЕ;111
586731;Капитал Лайф Страхование Жизни;🏢 КРУПНЫЕ;112
2371;АКРИХИН;🏢 КРУПНЫЕ;113
127870;Мосгоргеотрест;🏢 КРУПНЫЕ;114
51207;ЭСК Энергомост;🏢 КРУПНЫЕ;115
95255;MGCom;🏢 КРУПНЫЕ;116
1805595;Городская клиническая больница № 6 г. Твери;🏢 КРУПНЫЕ;117
4918;Сладкая Сказка;🏢 КРУПНЫЕ;118
668019;SimbirSoft;🏢 КРУПНЫЕ;119
4462177;ТКЗ «Красный Котельщик»;🏢 КРУПНЫЕ;120
18901;Градиент (бренды Vivienne Sabó, Influence, Stellary, Meine Liebe, Urban Formula);🏢 КРУПНЫЕ;121
1160188;Университет Иннополис;🏢 КРУПНЫЕ;122
1433;Carcade Leasing (ГК Газпромбанк Лизинг);🏢 КРУПНЫЕ;123
2796941;ЦЕХ85 family;🏢 КРУПНЫЕ;124
231418;Компания Мария;🏢 КРУПНЫЕ;125
110192;Уралэнерго;🏢 КРУПНЫЕ;126
77257;УК Zeppelin;🏢 КРУПНЫЕ;127
615954;Агрохолдинг Русское поле;🏢 КРУПНЫЕ;128
35983;Самарский металлургический завод;🏢 КРУПНЫЕ;129
3757;Ингосстрах Банк;🏢 КРУПНЫЕ;130
2173;Материа Медика Холдинг;🏢 КРУПНЫЕ;131
1947314;ANCOR;🏢 КРУПНЫЕ;132
803966;Генериум;🏢 КРУПНЫЕ;133
2910802;ЗооОптТорг, Зоопт;🏢 КРУПНЫЕ;134
42405;Уральский турбинный завод (Турбинка);🏢 КРУПНЫЕ;135
839098;Автомакон;🏢 КРУПНЫЕ;136
53742;Теремок Санкт-Петербург;🏢 КРУПНЫЕ;137
1062084;ГК Ситилаб;🏢 КРУПНЫЕ;138
84446;Группа предприятий Готэк;🏢 КРУПНЫЕ;139
2719776;Группа Компаний АВА;🏢 КРУПНЫЕ;140
5050306;IT_One;🏢 КРУПНЫЕ;141
3565331;S8 Capital;🏢 КРУПНЫЕ;142
383100;НИПИГОРМАШ группа компаний;🏢 КРУПНЫЕ;143
23712;Четыре Лапы;🏢 КРУПНЫЕ;144
2127257;Голос;🏢 КРУПНЫЕ;145
17675;Ренессанс Жизнь;🏢 КРУПНЫЕ;146
99061;Эй-Пи Трейд (AP TRADE);🏢 КРУПНЫЕ;147
697715;Островок!;🏢 КРУПНЫЕ;148
25629;ГЕРОФАРМ;🏢 КРУПНЫЕ;149
51900;Siberian Wellness;🏢 КРУПНЫЕ;150
1137303;ФракДжет-Волга;🏢 КРУПНЫЕ;151
156424;ICL Services;🏢 КРУПНЫЕ;152
7428;АСТОН;🏢 КРУПНЫЕ;153
175725;Бэби-клуб;🏢 КРУПНЫЕ;154
2343;Sportmaster Lab;🏢 КРУПНЫЕ;155
717004;SV-Мебель;🏢 КРУПНЫЕ;156
50616;Мегастрой;🏢 КРУПНЫЕ;157
14208;Акваарт;🏢 КРУПНЫЕ;158
1434854;Е1;🏢 КРУПНЫЕ;159
24241;Стильные кухни и Интерьеры;🏢 КРУПНЫЕ;160
159365;KDL;🏢 КРУПНЫЕ;161
2406247;Selecty;🏢 КРУПНЫЕ;162
114223;буше;🏢 КРУПНЫЕ;163
4378071;Ситистафф;🏢 КРУПНЫЕ;164
173163;ФГУП НАМИ;🏢 КРУПНЫЕ;165
6799;ITMS;🏢 КРУПНЫЕ;166
4750373;INSOFT;🏢 КРУПНЫЕ;167
142683;Семейный доктор;🏢 КРУПНЫЕ;168
9531906;ХРОМПИК;🏢 КРУПНЫЕ;169
580786;Организатор перевозок;🏢 КРУПНЫЕ;170
414894;Татнефть-АЗС-Северо-Запад;🏢 КРУПНЫЕ;171
32491;Медиагруппа Комсомольская правда;🏢 КРУПНЫЕ;172
2249659;AKKERMANN CEMENT;🏢 КРУПНЫЕ;173
536;Просвещение;🏢 КРУПНЫЕ;174
1479944;FIT SERVICE;🏢 КРУПНЫЕ;175
890736;Дельта - системы безопасности;🏢 КРУПНЫЕ;176
24946;Энергомера;🏢 КРУПНЫЕ;177
89117;Триколор;🏢 КРУПНЫЕ;178
5901476;Россети Урал - Екатеринбург;🏢 КРУПНЫЕ;179
60128;Элком;🏢 КРУПНЫЕ;180
3655337;Директ Кредит Центр;🏢 КРУПНЫЕ;181
6093775;ASTON;🏢 КРУПНЫЕ;182
3233751;Делимобиль;🏢 КРУПНЫЕ;183
1476006;БОНУМ;🏢 КРУПНЫЕ;184
1659845;МРИЯ;🏢 КРУПНЫЕ;185
154;Диасофт;🏢 КРУПНЫЕ;186
216221;Natura Siberica;🏢 КРУПНЫЕ;187
1023318;АО «Научно-производственная фирма «Микран»;🏢 КРУПНЫЕ;188
383808;Московская Пивоваренная Компания;🏢 КРУПНЫЕ;189
125071;группа компаний НИЖФАРМ;🏢 КРУПНЫЕ;190
3192913;Компьютерная Академия ТОП;🏢 КРУПНЫЕ;191
2864629;Setl Group;🏢 КРУПНЫЕ;192
42090;Кондитерская фабрика ПОБЕДА;🏢 КРУПНЫЕ;193
3741;Binnopharm Group;🏢 КРУПНЫЕ;194
1540476;НПО ПКРВ;🏢 КРУПНЫЕ;195
683931;Сантехника-Онлайн;🏢 КРУПНЫЕ;196
1046599;Cosmos Hotel Group;🏢 КРУПНЫЕ;197
610907;Федеральная сеть баров (Руки Вверх, Небар);🏢 КРУПНЫЕ;198
853364;АО Федеральная грузовая компания;🏢 КРУПНЫЕ;199
362;АО Медицина (клиника академика Ройтберга);🏢 КРУПНЫЕ;200
56213;ДКС;🏢 КРУПНЫЕ;201
4522;Компания ООО Электрорешения, бренд EKF;🏢 КРУПНЫЕ;202
5722585;Центр корпоративных решений (ЦКР);🏢 КРУПНЫЕ;203
4265105;Правительство Сахалинской области;🏢 КРУПНЫЕ;204
833155;Finbridge;🏢 КРУПНЫЕ;205
47160;ДАНАФЛЕКС;🏢 КРУПНЫЕ;206
1435645;Башкирские распределительные тепловые сети;🏢 КРУПНЫЕ;207
1117993;сеть семейных пиццерий Сицилия;🏢 КРУПНЫЕ;208
212893;Губернские аптеки;🏢 КРУПНЫЕ;209
4166825;Уралэнергосбыт;🏢 КРУПНЫЕ;210
213221;Востсибнефтегаз;🏢 КРУПНЫЕ;211
389;BIOCAD;🏢 КРУПНЫЕ;212
51137;Сибирский Гурман;🏢 КРУПНЫЕ;213
149191;Сталепромышленная компания;🏢 КРУПНЫЕ;214
2633;ТКБ Банк;🏢 КРУПНЫЕ;215
9319255;DDA REAL ESTATE;🏢 КРУПНЫЕ;216
1807453;Цифра;🏢 КРУПНЫЕ;217
35059;Медицинский центр «XXI век»;🏢 КРУПНЫЕ;218
2863076;Skillbox;🏢 КРУПНЫЕ;219
2085358;Биохимик;🏢 КРУПНЫЕ;220
3012596;ЮРАЛ (Favorit Parts);🏢 КРУПНЫЕ;221
6;ИДС Боржоми;🏢 КРУПНЫЕ;222
748502;Мясоперерабатывающее предприятие ТАВРИЯ;🏢 КРУПНЫЕ;223
4082616;Тольяттиазот;🏢 КРУПНЫЕ;224
124322;Пигмент;🏢 КРУПНЫЕ;225
7371;PONY EXPRESS;🏢 КРУПНЫЕ;226
2798;СберРешения;🏢 КРУПНЫЕ;227
213397;МойОфис;🏢 КРУПНЫЕ;228
4350075;Innostage;🏢 КРУПНЫЕ;229
115300;Славнефть-Красноярскнефтегаз;🏢 КРУПНЫЕ;230
53592;Татспиртпром;🏢 КРУПНЫЕ;231
762816;Калинка, колбаса и мясные деликатесы;🏢 КРУПНЫЕ;232
104818;Ресторанный Холдинг Тигрус;🏢 КРУПНЫЕ;233
770915;Примсоцбанк;🏢 КРУПНЫЕ;234
198042;Pridex;🏢 КРУПНЫЕ;235
700769;Бархатные сезоны;🏢 КРУПНЫЕ;236
580017;СМАРТ;🏢 КРУПНЫЕ;237
1140042;Фианит-Ломбард;🏢 КРУПНЫЕ;238
3590333;Магнит Маркет;🏢 КРУПНЫЕ;239
2207547;ТК Приволжье-Транс;🏢 КРУПНЫЕ;240
46529;Балтийский лизинг;🏢 КРУПНЫЕ;241
3190;ООО «Восток-Запад»;🏢 КРУПНЫЕ;242
490;Ренессанс страхование;🏢 КРУПНЫЕ;243
591938;Сеть медицинских центров ГК Эксперт;🏢 КРУПНЫЕ;244
827187;Бизнес Юрист;🏢 КРУПНЫЕ;245
2730772;Лучи ex BestDoctor;🏢 КРУПНЫЕ;246
1791;Хлебпром;🏢 КРУПНЫЕ;247
692389;Русская Аграрная Группа;🏢 КРУПНЫЕ;248
5437803;ProfiMonsters;🏢 КРУПНЫЕ;249
547536;Главстрой Санкт-Петербург;🏢 КРУПНЫЕ;250
4579;АУДИОТЕЛЕ;🏢 КРУПНЫЕ;251
2941438;РЖД-ТехСервис;🏢 КРУПНЫЕ;252
2691;Элита;🏢 КРУПНЫЕ;253
1087987;Bellini Gastronomic Ecosystem;🏢 КРУПНЫЕ;254
1322945;СФЗ;🏢 КРУПНЫЕ;255
1485682;HAYAT;🏢 КРУПНЫЕ;256
678;Ральф Рингер;🏢 КРУПНЫЕ;257
41165;Российская Стекольная Компания;🏢 КРУПНЫЕ;258
894410;РТЛабс;🏢 КРУПНЫЕ;259
976931;Skoltech;🏢 КРУПНЫЕ;260
125462;ПКБ;🏢 КРУПНЫЕ;261
967370;Впрок;🏢 КРУПНЫЕ;262
5627301;TEN девелопмент;🏢 КРУПНЫЕ;263
73441;Фармацевтическая компания ВЕРТЕКС;🏢 КРУПНЫЕ;264
1075126;МПЗ РЕМИТ;🏢 КРУПНЫЕ;265
5224917;Энкорп;🏢 КРУПНЫЕ;266
820136;Копейкин Дом;🏢 КРУПНЫЕ;267
2862562;AVP-GROUP (АВП-ГРУПП);🏢 КРУПНЫЕ;268
762839;Император;🏢 КРУПНЫЕ;269
4689972;Медицинская клиника СОВА;🏢 КРУПНЫЕ;270
3428635;Fitness Food (Bombbar, Chikalab, Snaq Fabriq);🏢 КРУПНЫЕ;271
2848751;Next Contact;🏢 КРУПНЫЕ;272
668189;Владхлеб;🏢 КРУПНЫЕ;273
1203065;ЧЕЛЯБИНВЕСТБАНК;🏢 КРУПНЫЕ;274
2560107;TeleTribe;🏢 КРУПНЫЕ;275
128130;Камский кабель;🏢 КРУПНЫЕ;276
240026;ЛОНМАДИ;🏢 КРУПНЫЕ;277
610351;Мой медицинский центр;🏢 КРУПНЫЕ;278
9512566;Правительство Нижегородской области;🏢 КРУПНЫЕ;279
5860483;Курорт MIRACLEON;🏢 КРУПНЫЕ;280
3063981;Акционерное общество Камский металлургический комбинат ТЭМПО;🏢 КРУПНЫЕ;281
468;Согласие;🏢 КРУПНЫЕ;282
5953959;НПП Бурение;🏢 КРУПНЫЕ;283
2355714;Автолайф Транспортная компания;🏢 КРУПНЫЕ;284
3160387;Электрощит Самара;🏢 КРУПНЫЕ;285
846348;Гранель;🏢 КРУПНЫЕ;286
41920;Maison DELLOS;🏢 КРУПНЫЕ;287
2661346;Группа компаний ВИК;🏢 КРУПНЫЕ;288
1561801;СМНМ-ВИКО, ИСК;🏢 КРУПНЫЕ;289
17852;ГК Энергоконтракт;🏢 КРУПНЫЕ;290
1427286;KERAMA MARAZZI;🏢 КРУПНЫЕ;291
2603304;TR-Project;🏢 КРУПНЫЕ;292
666661;Аэропорт Пулково;🏢 КРУПНЫЕ;293
976;ZENDEN;🏢 КРУПНЫЕ;294
4424683;Lucky Group;🏢 КРУПНЫЕ;295
35784;ГК МИРРИКО;🏢 КРУПНЫЕ;296
838255;УММ2;🏢 КРУПНЫЕ;297
2660054;Люди Любят;🏢 КРУПНЫЕ;298
1520649;Авиакомпания Победа;🏢 КРУПНЫЕ;299
112324;Ростелеком Башкортостан;🏢 КРУПНЫЕ;300
15356;Форум-Авто;🏢 КРУПНЫЕ;301
11036;ПК Аквариус;🏢 КРУПНЫЕ;302
9921;Группа компаний Кафетера;🏢 КРУПНЫЕ;303
96755;ГОСТ Отель Менеджмент;🏢 КРУПНЫЕ;304
3012159;Система Глобус;🏢 КРУПНЫЕ;305
581224;Группа компаний «МОНОПОЛИЯ»;🏢 КРУПНЫЕ;306
3366120;MKS Management Company;🏢 КРУПНЫЕ;307
39491;Группа компаний «XXI ВЕК»;🏢 КРУПНЫЕ;308
703742;Группа компаний ВЛП;🏢 КРУПНЫЕ;309
956865;ГЛОБАЛ ФУД (франчайзи Rostics);🏢 КРУПНЫЕ;310
235196;Банк Левобережный;🏢 КРУПНЫЕ;311
9778697;Цифровые Технологии и Платформы;🏢 КРУПНЫЕ;312
2696318;Всесезонный курорт Манжерок;🏢 КРУПНЫЕ;313
670607;Здравсервис (Твой доктор, Здесь аптека);🏢 КРУПНЫЕ;314
28053;Омсктехуглерод (Омск Карбон Групп);🏢 КРУПНЫЕ;315
106168;Волжское пароходство;🏢 КРУПНЫЕ;316
1068750;Бринэкс (Колёса даром);🏢 КРУПНЫЕ;317
168386;Агат;🏢 КРУПНЫЕ;318
965476;Магаданэнерго;🏢 КРУПНЫЕ;319
37476;МИНИМАКС;🏢 КРУПНЫЕ;320
1705357;НафтаГаз;🏢 КРУПНЫЕ;321
9656031;Клиника плюс (Клиника доктора Калюжной, Детокс, Гармония, Стармед, Нео Плюс);🏢 КРУПНЫЕ;322
1351018;ФГБОУ ВО СамГМУ МЗ РФ (Образование, Наука, Медицина);🏢 КРУПНЫЕ;323
5100;Cotton Club;🏢 КРУПНЫЕ;324
3592;Снежная Королева;🏢 КРУПНЫЕ;325
2955951;ВОЛГАДОРСТРОЙ;🏢 КРУПНЫЕ;326
59450;Smart Group;🏢 КРУПНЫЕ;327
1488065;КАРАКАН ИНВЕСТ;🏢 КРУПНЫЕ;328
4298979;КРУ-Взрывпром;🏢 КРУПНЫЕ;329
730158;Авиаагрегат;🏢 КРУПНЫЕ;330
1492230;Николаевский;🏢 КРУПНЫЕ;331
1054885;Донской государственный технический университет (ДГТУ);🏢 КРУПНЫЕ;332
2498748;Cofix;🏢 КРУПНЫЕ;333
1191643;IDF Eurasia;🏢 КРУПНЫЕ;334
37955;BERGAUF;🏢 КРУПНЫЕ;335
238161;СИГМА;🏢 КРУПНЫЕ;336
219286;Фармаимпекс (Аптека Фармаимпекс, Экона, Бережная аптека);🏢 КРУПНЫЕ;337
8643040;Efin;🏢 КРУПНЫЕ;338
2057;МИР ИНСТРУМЕНТА;🏢 КРУПНЫЕ;339
2191008;Красноярскэнергосбыт;🏢 КРУПНЫЕ;340
625955;Сахалинэнерго;🏢 КРУПНЫЕ;341
1605;Дельрус;🏢 КРУПНЫЕ;342
1758170;Московский авиационный институт;🏢 КРУПНЫЕ;343
9412693;Сочи-Парк Отель;🏢 КРУПНЫЕ;344
88770;Профит-Лига;🏢 КРУПНЫЕ;345
104085;сеть клиник Скандинавия;🏢 КРУПНЫЕ;346
837144;АВТОПИТЕР;🏢 КРУПНЫЕ;347
2851802;JSA Group;🏢 КРУПНЫЕ;348
2104700;СБЕР ЕАПТЕКА;🏢 КРУПНЫЕ;349
1057362;Автосуши Автопицца;🏢 КРУПНЫЕ;350
1287393;РОСПАН ИНТЕРНЕШНЛ;🏢 КРУПНЫЕ;351
1753287;Партнеры Красноярск;🏢 КРУПНЫЕ;352
4004924;Сахаэнерго;🏢 КРУПНЫЕ;353
1513592;Группа Аквилон;🏢 КРУПНЫЕ;354
10042352;Универсал - Электрик;🏢 КРУПНЫЕ;355
2451138;МФЦ Свердловской области (Мои документы);🏢 КРУПНЫЕ;356
4556149;SUCDEN;🏢 КРУПНЫЕ;357
87261;ЭнергосбыТ Плюс;🏢 КРУПНЫЕ;358
2140970;Северо-Кавказский федеральный университет;🏢 КРУПНЫЕ;359
20106;Благо;🏢 КРУПНЫЕ;360
1088373;ТЮМЕНСКИЙ ГОСУДАРСТВЕННЫЙ УНИВЕРСИТЕТ;🏢 КРУПНЫЕ;361
1006013;Социальная Аптека;🏢 КРУПНЫЕ;362
35065;Sitronics Group;🏢 КРУПНЫЕ;363
154931;Авиационный комплекс им. С.В. Ильюшина;🏢 КРУПНЫЕ;364
103905;КОНТИНЕНТ (торгово-логистическая компания);🏢 КРУПНЫЕ;365
1517152;МФЦ Мои Документы Иркутской области;🏢 КРУПНЫЕ;366
9821;ЛАБ Индастриз;🏢 КРУПНЫЕ;367
3832;Автозавод Санкт-Петербург;🏢 КРУПНЫЕ;368
156121;Когалымнефтегеофизика;🏢 КРУПНЫЕ;369
6488;Зетта Страхование;🏢 КРУПНЫЕ;370
2374897;ООО  Телесейлз Сервис;🏢 КРУПНЫЕ;371
2185463;МУП Водоканал г. Иркутска;🏢 КРУПНЫЕ;372
4039388;Находка;🏢 КРУПНЫЕ;373
3984377;Рослесинфорг;🏢 КРУПНЫЕ;374
201754;Русмолко;🏢 КРУПНЫЕ;375
14868;ЭЛ5-Энерго;🏢 КРУПНЫЕ;376
825539;ЗАО ЭнергоСтрой;🏢 КРУПНЫЕ;377
4887922;МедИнвестГрупп;🏢 КРУПНЫЕ;378
1184269;ГОРЭЛТЕХ;🏢 КРУПНЫЕ;379
201844;Алендвик;🏢 КРУПНЫЕ;380
1158893;"ШАТЕ-М Плюс *
* по результатам опроса офисных сотрудников";🏢 КРУПНЫЕ;381
549321;АО СУЭНКО;🏢 КРУПНЫЕ;382
214014;Пермэнергосбыт;🏢 КРУПНЫЕ;383
1144224;Ачинский НПЗ;🏢 КРУПНЫЕ;384
1377773;Чукотэнерго;🏢 КРУПНЫЕ;385
125615;Департамент продовольствия и социального питания г.Казани;🏢 КРУПНЫЕ;386
58031;ФК ПУЛЬС, фармацевтический дистрибьютор;🏢 КРУПНЫЕ;387
993313;ОмскВодоканал;🏢 КРУПНЫЕ;388
6836;Fplus;🏢 КРУПНЫЕ;389
829326;Фармасинтез;🏢 КРУПНЫЕ;390
4465166;Группа компаний «Шанс»;🏢 КРУПНЫЕ;391
1282414;МВПС-Сервис;🏢 КРУПНЫЕ;392
1312530;Международный аэропорт Красноярск им. Д. А. Хворостовского;🏢 КРУПНЫЕ;393
668259;Эскорт Сервис;🏢 КРУПНЫЕ;394
177476;РВК-ВОРОНЕЖ;🏢 КРУПНЫЕ;395
136929;Иви;🏭 СРЕДНИЕ;1
238354;AGIMA;🏭 СРЕДНИЕ;2
7851;Realweb;🏭 СРЕДНИЕ;3
21919;Студия Артемия Лебедева;🏭 СРЕДНИЕ;4
887248;ИЦ РЕГИОНАЛЬНЫЕ СИСТЕМЫ;🏭 СРЕДНИЕ;5
1829949;Звук;🏭 СРЕДНИЕ;6
40754;ДАЛЕЕ;🏭 СРЕДНИЕ;7
1792;РЕХАУ;🏭 СРЕДНИЕ;8
1375441;Okko;🏭 СРЕДНИЕ;9
48059;Школа управления СКОЛКОВО;🏭 СРЕДНИЕ;10
1911403;Angara Security;🏭 СРЕДНИЕ;11
223566;Sports;🏭 СРЕДНИЕ;12
4971283;Фонд развития территорий;🏭 СРЕДНИЕ;13
5063336;Флаувау;🏭 СРЕДНИЕ;14
3744247;Российское общество Знание;🏭 СРЕДНИЕ;15
61826;REDMOND;🏭 СРЕДНИЕ;16
129044;Битрикс24;🏭 СРЕДНИЕ;17
9706015;Polaris;🏭 СРЕДНИЕ;18
1087401;СберСтрахование жизни;🏭 СРЕДНИЕ;19
3855672;ААА Моторс;🏭 СРЕДНИЕ;20
991318;Winline;🏭 СРЕДНИЕ;21
245523;LOTTE;🏭 СРЕДНИЕ;22
3893509;Фабрика дверей Браво;🏭 СРЕДНИЕ;23
2101125;АльфаСтрахование-Жизнь;🏭 СРЕДНИЕ;24
9919776;Фабрика столешниц КЕДР;🏭 СРЕДНИЕ;25
1795968;PARI;🏭 СРЕДНИЕ;26
3910234;Госинспекция по недвижимости;🏭 СРЕДНИЕ;27
72568;Альянс-Авто;🏭 СРЕДНИЕ;28
3421;TEFAL;🏭 СРЕДНИЕ;29
1784611;СОЮЗ ЗАСТРОЙЩИКОВ;🏭 СРЕДНИЕ;30
2621898;divan.ru;🏭 СРЕДНИЕ;31
3123738;Vysotsky Estate;🏭 СРЕДНИЕ;32
1136961;TravelLine;🏭 СРЕДНИЕ;33
662065;УЦСБ;🏭 СРЕДНИЕ;34
1056;iConText Group;🏭 СРЕДНИЕ;35
613353;E-Promo;🏭 СРЕДНИЕ;36
173280;ООО Метрополис;🏭 СРЕДНИЕ;37
10136823;ДомМаркет;🏭 СРЕДНИЕ;38
59729;Demis Group;🏭 СРЕДНИЕ;39
789521;Корпоративный университет РЖД;🏭 СРЕДНИЕ;40
4759975;MPSTATS;🏭 СРЕДНИЕ;41
1363143;АО Навигатор;🏭 СРЕДНИЕ;42
819979;SkillStaff;🏭 СРЕДНИЕ;43
606838;Север Минералс;🏭 СРЕДНИЕ;44
1222;Галс-Девелопмент;🏭 СРЕДНИЕ;45
198466;АЯКС;🏭 СРЕДНИЕ;46
1407093;KODE;🏭 СРЕДНИЕ;47
7726;NF Group;🏭 СРЕДНИЕ;48
539668;VVP Group;🏭 СРЕДНИЕ;49
1829211;АН Мореон Инвест;🏭 СРЕДНИЕ;50
50355;БИГАМ;🏭 СРЕДНИЕ;51
1523594;Пермские насосы;🏭 СРЕДНИЕ;52
3852980;Онлайн-Школа №1;🏭 СРЕДНИЕ;53
1452626;Клиника «Кивач»;🏭 СРЕДНИЕ;54
2625279;4 Колеса;🏭 СРЕДНИЕ;55
4376451;Монолит, агентство недвижимости;🏭 СРЕДНИЕ;56
950923;МосТрансПроект;🏭 СРЕДНИЕ;57
2882584;Skuratov Coffee;🏭 СРЕДНИЕ;58
879750;Гринвич - недвижимость для жизни;🏭 СРЕДНИЕ;59
894884;Сибалюкс;🏭 СРЕДНИЕ;60
1532045;CarPrice;🏭 СРЕДНИЕ;61
117748;Челябинский механический завод;🏭 СРЕДНИЕ;62
792652;КРЭТ;🏭 СРЕДНИЕ;63
18523;The Carlton, Moscow;🏭 СРЕДНИЕ;64
86262;Media Instinct Group;🏭 СРЕДНИЕ;65
688;Спектрум;🏭 СРЕДНИЕ;66
122505;СК10;🏭 СРЕДНИЕ;67
1087973;Группа компаний Простор;🏭 СРЕДНИЕ;68
2160557;Генпро;🏭 СРЕДНИЕ;69
909194;Нэти;🏭 СРЕДНИЕ;70
72986;Банки.ру;🏭 СРЕДНИЕ;71
3081446;Технология Движения;🏭 СРЕДНИЕ;72
5029951;Южная Энергетическая Компания (Алмаз Энерго);🏭 СРЕДНИЕ;73
55590;Берлин-Хеми/А.Менарини;🏭 СРЕДНИЕ;74
2134908;TT SERVICE (Подкова);🏭 СРЕДНИЕ;75
1086;Астра Пейдж;🏭 СРЕДНИЕ;76
23632;ArrowMedia;🏭 СРЕДНИЕ;77
1178447;Umbrella IT;🏭 СРЕДНИЕ;78
706735;Унистрой;🏭 СРЕДНИЕ;79
1033940;Дентал-Сервис;🏭 СРЕДНИЕ;80
1545815;МедРокет (ПроДокторов);🏭 СРЕДНИЕ;81
2373204;Санаторий Плаза г. Кисловодск;🏭 СРЕДНИЕ;82
144335;Группа компаний OPEN;🏭 СРЕДНИЕ;83
5802224;Национальная Лотерея;🏭 СРЕДНИЕ;84
681672;ГК Юзтех;🏭 СРЕДНИЕ;85
83639;Профи;🏭 СРЕДНИЕ;86
566686;Волжская судоходная компания;🏭 СРЕДНИЕ;87
5029924;Алмаз Удобрения;🏭 СРЕДНИЕ;88
3373147;ДОКДЕТИ;🏭 СРЕДНИЕ;89
4431748;SDS;🏭 СРЕДНИЕ;90
1512281;Аксиома-Софт;🏭 СРЕДНИЕ;91
2739341;Mediascope;🏭 СРЕДНИЕ;92
2620464;Тульский винокуренный завод 1911;🏭 СРЕДНИЕ;93
68268;PIONEER;🏭 СРЕДНИЕ;94
636505;Транснефтьэнерго;🏭 СРЕДНИЕ;95
5577496;Greenway Global (Майгрин Маркет);🏭 СРЕДНИЕ;96
2240534;Курорт Абрау-Дюрсо;🏭 СРЕДНИЕ;97
32575;Метран;🏭 СРЕДНИЕ;98
233584;Тара.ру;🏭 СРЕДНИЕ;99
71895;1001 Тур;🏭 СРЕДНИЕ;100
55572;ДельтаЛизинг;🏭 СРЕДНИЕ;101
918513;БОРАВТО;🏭 СРЕДНИЕ;102
4719986;Ньютон Инвестиции;🏭 СРЕДНИЕ;103
1245158;Summit Group (Доброзайм, ИТ Центр);🏭 СРЕДНИЕ;104
184175;Франчайзинговая сеть “ИнфоСофт”;🏭 СРЕДНИЕ;105
8899;Dr. Reddys;🏭 СРЕДНИЕ;106
114261;Нейрософт;🏭 СРЕДНИЕ;107
4437201;DatsTeam;🏭 СРЕДНИЕ;108
3487;Дизайнмастер;🏭 СРЕДНИЕ;109
1701583;СберФакторинг;🏭 СРЕДНИЕ;110
9448255;Drivee;🏭 СРЕДНИЕ;111
1433262;НаПоправку;🏭 СРЕДНИЕ;112
1015369;ГК Культура Гостеприимства;🏭 СРЕДНИЕ;113
6944;Cinimex;🏭 СРЕДНИЕ;114
667710;МКК Срочноденьги;🏭 СРЕДНИЕ;115
2404589;Ньютон Технологии;🏭 СРЕДНИЕ;116
1488528;Эстель Сервис (ESTEL Genevie);🏭 СРЕДНИЕ;117
1362898;Займер;🏭 СРЕДНИЕ;118
1222792;Завод Продмаш;🏭 СРЕДНИЕ;119
12872;Компания Арнест (Бренды Прелесть, Mosquitall, Deonica, Picnic, Simphony);🏭 СРЕДНИЕ;120
3025054;Санаторий ПлазаСПА г. Железноводск;🏭 СРЕДНИЕ;121
71518;Artsofte;🏭 СРЕДНИЕ;122
3169673;Эдит Про (группа Борлас);🏭 СРЕДНИЕ;123
594824;ППР;🏭 СРЕДНИЕ;124
23242;ИЛЬ ДЕ БОТЭ;🏭 СРЕДНИЕ;125
40976;Чистая линия;🏭 СРЕДНИЕ;126
9251203;BPMSoft;🏭 СРЕДНИЕ;127
93051;Группа IT-компаний Lad;🏭 СРЕДНИЕ;128
1491238;Сидорин Лаб;🏭 СРЕДНИЕ;129
6058002;БРАЙТБОКС;🏭 СРЕДНИЕ;130
574703;Доктор Линз;🏭 СРЕДНИЕ;131
109654;STONE;🏭 СРЕДНИЕ;132
2922034;Петербургский завод прецизионных сплавов (ПЗПС);🏭 СРЕДНИЕ;133
14986;Русский Экспресс;🏭 СРЕДНИЕ;134
92010;ДОНСТРОЙ;🏭 СРЕДНИЕ;135
4562612;IT Smart Finance;🏭 СРЕДНИЕ;136
2875506;Завод ИНКОМ;🏭 СРЕДНИЕ;137
959179;ТМК - инструмент;🏭 СРЕДНИЕ;138
2565797;BIA-Technologies;🏭 СРЕДНИЕ;139
1851;Sealed Air (Силд Эйр Каустик);🏭 СРЕДНИЕ;140
1413716;Группа компаний GeoSM;🏭 СРЕДНИЕ;141
609089;Goodline;🏭 СРЕДНИЕ;142
606400;Эстель Центр;🏭 СРЕДНИЕ;143
1516420;Lime;🏭 СРЕДНИЕ;144
2590000;ЕДИНЫЙ ЦУПИС;🏭 СРЕДНИЕ;145
343;СофтБаланс;🏭 СРЕДНИЕ;146
75431;Славянская Мебельная Компания;🏭 СРЕДНИЕ;147
10647164;ICL Soft;🏭 СРЕДНИЕ;148
42954;НПФ Будущее;🏭 СРЕДНИЕ;149
1577063;ООО Витакон;🏭 СРЕДНИЕ;150
2291325;PARMA technologies group;🏭 СРЕДНИЕ;151
85051;Viatris;🏭 СРЕДНИЕ;152
567077;NORDCITI;🏭 СРЕДНИЕ;153
1081769;СПОРТ-МАРАФОН;🏭 СРЕДНИЕ;154
4207409;Ресторанное обьединение Комитет;🏭 СРЕДНИЕ;155
725039;Lindaily;🏭 СРЕДНИЕ;156
94470;Увелка (ГК Ресурс);🏭 СРЕДНИЕ;157
5205;МАЙ;🏭 СРЕДНИЕ;158
2750034;iBOX;🏭 СРЕДНИЕ;159
246664;Луидор;🏭 СРЕДНИЕ;160
36522;Wilo;🏭 СРЕДНИЕ;161
9060731;Право Онлайн;🏭 СРЕДНИЕ;162
4258610;TrendAgent;🏭 СРЕДНИЕ;163
5021983;ИНТЕЛ КОЛЛЕКТ;🏭 СРЕДНИЕ;164
855219;Нетология;🏭 СРЕДНИЕ;165
3731214;Авиценна;🏭 СРЕДНИЕ;166
32918;MANGO OFFICE;🏭 СРЕДНИЕ;167
847813;VIP AUTO| Важная персона Авто;🏭 СРЕДНИЕ;168
4305039;Outlines Tech;🏭 СРЕДНИЕ;169
4495459;ENERGON (DELTA);🏭 СРЕДНИЕ;170
1296244;iSpring;🏭 СРЕДНИЕ;171
1169951;"Экодар *
* по результатам опроса офисных сотрудников";🏭 СРЕДНИЕ;172
31331;News Media Holding;🏭 СРЕДНИЕ;173
793926;YCLIENTS;🏭 СРЕДНИЕ;174
40826;ТД Мегаполис;🏭 СРЕДНИЕ;175
226760;Владимирский завод прецизионных сплавов;🏭 СРЕДНИЕ;176
702707;Обойная фабрика «ПАЛИТРА»;🏭 СРЕДНИЕ;177
904756;НПЦ ЛКТ;🏭 СРЕДНИЕ;178
52277;VERRA;🏭 СРЕДНИЕ;179
64;RRC Group;🏭 СРЕДНИЕ;180
782253;Ак Барс Дом;🏭 СРЕДНИЕ;181
182721;Издательство Азбука-Аттикус;🏭 СРЕДНИЕ;182
9494710;RED Solution;🏭 СРЕДНИЕ;183
80699;Агро-Строительные Технологии (АСТ);🏭 СРЕДНИЕ;184
2682;Финам;🏭 СРЕДНИЕ;185
4655042;DEVISION;🏭 СРЕДНИЕ;186
4557535;Умскул;🏭 СРЕДНИЕ;187
3485051;ФОКУС-АВТО;🏭 СРЕДНИЕ;188
3220349;УВМ-СТАЛЬ;🏭 СРЕДНИЕ;189
46525;Промомед;🏭 СРЕДНИЕ;190
373146;SkyNet;🏭 СРЕДНИЕ;191
2773143;Вебзайм;🏭 СРЕДНИЕ;192
2657797;Алгоритмика;🏭 СРЕДНИЕ;193
55588;ИНАРКТИКА;🏭 СРЕДНИЕ;194
205152;Mindbox;🏭 СРЕДНИЕ;195
4917;EGAR TECHNOLOGY;🏭 СРЕДНИЕ;196
584805;UIS;🏭 СРЕДНИЕ;197
2235;1С-Архитектор бизнеса;🏭 СРЕДНИЕ;198
202145;АРТИС;🏭 СРЕДНИЕ;199
4357678;Киберпротект;🏭 СРЕДНИЕ;200
67408;Интерлизинг;🏭 СРЕДНИЕ;201
151875;Компания «Авенир»;🏭 СРЕДНИЕ;202
3471487;Гидротермика;🏭 СРЕДНИЕ;203
79142;SKL Group (IDDIS Milardo);🏭 СРЕДНИЕ;204
5132073;MarketGuru;🏭 СРЕДНИЕ;205
2656;Первый Дом Консалтинга ЧТО ДЕЛАТЬ КОНСАЛТ;🏭 СРЕДНИЕ;206
662412;Толедо;🏭 СРЕДНИЕ;207
1668887;PROF-IT GROUP;🏭 СРЕДНИЕ;208
804677;Землянскмолоко;🏭 СРЕДНИЕ;209
2569;Проект 111;🏭 СРЕДНИЕ;210
3401946;Pub Life Group;🏭 СРЕДНИЕ;211
245810;Кухмастер;🏭 СРЕДНИЕ;212
4502019;Fitness SHOCK;🏭 СРЕДНИЕ;213
76650;iiko;🏭 СРЕДНИЕ;214
1034459;Группа компаний КЛААС;🏭 СРЕДНИЕ;215
9653323;Ёбидоёби;🏭 СРЕДНИЕ;216
1423833;ПСК Фарма (Рус Биофарм);🏭 СРЕДНИЕ;217
1793230;ПРАЙМ стоматологические клиники;🏭 СРЕДНИЕ;218
2358;РУССКИЙ ПРОДУКТ (Геркулес, Дачный, Печем дома, Суперсуп, Бакалея 101, Старая мельница, Mr.Сливкин, Coffitel, Традиция);🏭 СРЕДНИЕ;219
1747017;Calltouch;🏭 СРЕДНИЕ;220
540377;Нита-Фарм;🏭 СРЕДНИЕ;221
3151617;Поволжье-Транс;🏭 СРЕДНИЕ;222
3282122;Управление по эксплуатации зданий в СЗФО Управления делами Президента РФ;🏭 СРЕДНИЕ;223
2622045;Go Ahead;🏭 СРЕДНИЕ;224
706711;TOM TAILOR;🏭 СРЕДНИЕ;225
1333158;Центральный парк развлечений им.Горького Пермь;🏭 СРЕДНИЕ;226
3764961;Международное Юридическое Бюро;🏭 СРЕДНИЕ;227
2702156;ERA Group (Эра);🏭 СРЕДНИЕ;228
4837406;Centicore Group;🏭 СРЕДНИЕ;229
3863113;Деньга;🏭 СРЕДНИЕ;230
1870517;Моторика;🏭 СРЕДНИЕ;231
654297;Сеть салонов сотовой связи ИЗЮМ;🏭 СРЕДНИЕ;232
12149;Фортекс;🏭 СРЕДНИЕ;233
588180;ЭнергоТехСервис;🏭 СРЕДНИЕ;234
543454;edna;🏭 СРЕДНИЕ;235
913808;CarMoney;🏭 СРЕДНИЕ;236
2457614;Геоскан;🏭 СРЕДНИЕ;237
2348830;Ви Фрай;🏭 СРЕДНИЕ;238
200413;Техцентр Гранд;🏭 СРЕДНИЕ;239
3939977;Строительная компания Небо;🏭 СРЕДНИЕ;240
581418;Фест Логистик;🏭 СРЕДНИЕ;241
550596;КОМПЬЮТЕРЫ И СЕТИ;🏭 СРЕДНИЕ;242
913923;ТОРЕС;🏭 СРЕДНИЕ;243
3482922;ВИРАЖ;🏭 СРЕДНИЕ;244
208576;МойСклад;🏭 СРЕДНИЕ;245
192659;Эльба Мебель;🏭 СРЕДНИЕ;246
788391;E1Card;🏭 СРЕДНИЕ;247
591205;Олимпийский комплекс Лужники;🏭 СРЕДНИЕ;248
2809800;ГАУ МФЦ Республика Саха (Якутия) (центр Мои Документы);🏭 СРЕДНИЕ;249
950896;ГК Альянс;🏭 СРЕДНИЕ;250
51298;Петербургская Недвижимость;🏭 СРЕДНИЕ;251
2644193;Major Express;🏭 СРЕДНИЕ;252
124;Coleman Group;🏭 СРЕДНИЕ;253
582476;Альтерра;🏭 СРЕДНИЕ;254
4801531;Nedra Digital;🏭 СРЕДНИЕ;255
4266785;Optimacros;🏭 СРЕДНИЕ;256
1302834;Bossa Nova;🏭 СРЕДНИЕ;257
3679;LITOKOL;🏭 СРЕДНИЕ;258
2198513;Новотранс;🏭 СРЕДНИЕ;259
4893848;Аудио Коннект;🏭 СРЕДНИЕ;260
1466;Мэйджор Карго Сервис;🏭 СРЕДНИЕ;261
1541784;STM Labs, СТМ Лабс, СТМ;🏭 СРЕДНИЕ;262
560786;Сравни;🏭 СРЕДНИЕ;263
38126;ГК Рики (Смешарики, Фиксики, Малышарики, Финник, Тима и Тома и другие);🏭 СРЕДНИЕ;264
611050;ASM GROUP;🏭 СРЕДНИЕ;265
240849;БЛОК;🏭 СРЕДНИЕ;266
1568521;GloraX;🏭 СРЕДНИЕ;267
3375160;Шато де Талю;🏭 СРЕДНИЕ;268
1189051;ФЭС-Агро;🏭 СРЕДНИЕ;269
1213725;Webbankir;🏭 СРЕДНИЕ;270
50026;СибГласс;🏭 СРЕДНИЕ;271
3323;ББР Банк;🏭 СРЕДНИЕ;272
2537;CUSTIS;🏭 СРЕДНИЕ;273
9754213;МедПроф;🏭 СРЕДНИЕ;274
214618;Акустик Групп;🏭 СРЕДНИЕ;275
1310515;ZOON;🏭 СРЕДНИЕ;276
116652;ХОЛДИНГ ЭРСО;🏭 СРЕДНИЕ;277
3093773;Гарда Технологии;🏭 СРЕДНИЕ;278
9311920;DNS Технологии;🏭 СРЕДНИЕ;279
570444;VARTON (Gauss, Awada systems, ГСТЗ);🏭 СРЕДНИЕ;280
1059985;Водолей;🏭 СРЕДНИЕ;281
1741901;AB_Digital (АБЦТ/Ак Барс Цифровые технологии);🏭 СРЕДНИЕ;282
1711754;МСВ;🏭 СРЕДНИЕ;283
10542193;ТМС Аутсорсинг;🏭 СРЕДНИЕ;284
185366;ЕВРОПОС ГРУПП;🏭 СРЕДНИЕ;285
1305566;Хорошая Связь;🏭 СРЕДНИЕ;286
2644166;Major Terminal;🏭 СРЕДНИЕ;287
2729188;НьюБио;🏭 СРЕДНИЕ;288
4309058;РусГидро ОЦО;🏭 СРЕДНИЕ;289
4173118;SuperStep;🏭 СРЕДНИЕ;290
930410;Российский биотехнологический университет (РОСБИОТЕХ);🏭 СРЕДНИЕ;291
1200746;Инвестстрой;🏭 СРЕДНИЕ;292
2551184;BrooklynBowl;🏭 СРЕДНИЕ;293
1923823;Медицинский центр Палитра;🏭 СРЕДНИЕ;294
2019369;Вторресурс-Переработка;🏭 СРЕДНИЕ;295
107156;Эко Сервис Инженерные Системы;🏭 СРЕДНИЕ;296
625369;СервисКлауд;🏭 СРЕДНИЕ;297
206458;ZELDIS (LIBREDERM);🏭 СРЕДНИЕ;298
1044908;Woodcraft;🏭 СРЕДНИЕ;299
37987;Скандипакк;🏭 СРЕДНИЕ;300
85912;ТЕХНОПАРК ЮГ-МЕТ;🏭 СРЕДНИЕ;301
245;Nikoliers;🏭 СРЕДНИЕ;302
64551;Фабрика Окон;🏭 СРЕДНИЕ;303
1946;Световые Технологии;🏭 СРЕДНИЕ;304
2530296;Корпорация ПСС;🏭 СРЕДНИЕ;305
54732;НАГ;🏭 СРЕДНИЕ;306
246739;Haulmont;🏭 СРЕДНИЕ;307
77301;ДиБиАй (DBI);🏭 СРЕДНИЕ;308
4521996;Свободные Технологии Инжиниринг;🏭 СРЕДНИЕ;309
11037;FASHION STUDIO (Gerard Darel, Tara Jarmon, IRO);🏭 СРЕДНИЕ;310
1281581;Изолятор-ВВ;🏭 СРЕДНИЕ;311
3048273;Мостострой;🏭 СРЕДНИЕ;312
13447;Бобровский сырзавод;🏭 СРЕДНИЕ;313
5005325;ПСБ Лизинг;🏭 СРЕДНИЕ;314
3622300;АРС;🏭 СРЕДНИЕ;315
1509297;Ангарский Азотно-туковый завод;🏭 СРЕДНИЕ;316
131539;ФТО;🏭 СРЕДНИЕ;317
873136;Цифроград Ставрополь;🏭 СРЕДНИЕ;318
536301;MARSHALL;🏭 СРЕДНИЕ;319
83056;ACTION;🏭 СРЕДНИЕ;320
234611;АО Институт Гидропроект;🏭 СРЕДНИЕ;321
4448058;BeeClever Group;🏭 СРЕДНИЕ;322
2730053;Парус электро;🏭 СРЕДНИЕ;323
622296;Перфоманс Лаб;🏭 СРЕДНИЕ;324
935302;Енисей-сервис;🏭 СРЕДНИЕ;325
848180;МетТрансТерминал;🏭 СРЕДНИЕ;326
1759559;Лебедяньмолоко;🏭 СРЕДНИЕ;327
3700352;Росгосстрах Жизнь;🏭 СРЕДНИЕ;328
8968681;ОВК М Групп;🏭 СРЕДНИЕ;329
44437;СПЛАЙН;🏭 СРЕДНИЕ;330
2685879;Фитнес клуб ULTRA;🏭 СРЕДНИЕ;331
3997716;Совкомбанк Лизинг;🏭 СРЕДНИЕ;332
727029;ПравоТех;🏭 СРЕДНИЕ;333
85027;Мир Красок, Центр Красок, Студии цвета Tikkurila;🏭 СРЕДНИЕ;334
4968343;Трафик;🏭 СРЕДНИЕ;335
4432674;ННГП;🏭 СРЕДНИЕ;336
35404;Автокомпонент;🏭 СРЕДНИЕ;337
987994;ПАО ЯТЭК;🏭 СРЕДНИЕ;338
128614;ТрансЛом;🏭 СРЕДНИЕ;339
1756087;UPRO GROUP Гостиничная компания;🏭 СРЕДНИЕ;340
2264343;Happywear;🏭 СРЕДНИЕ;341
10246537;Cyberbird;🏭 СРЕДНИЕ;342
841085;Витцеман;🏭 СРЕДНИЕ;343
4048488;Дымзавод VAMS FAMILY;🏭 СРЕДНИЕ;344
1004443;Новосибирскэнергосбыт;🏭 СРЕДНИЕ;345
176423;ЛУЧАНО;🏭 СРЕДНИЕ;346
235806;НАШЕ ЗОЛОТО;🏭 СРЕДНИЕ;347
2469684;George Group;🏭 СРЕДНИЕ;348
221768;Ред Софт;🏭 СРЕДНИЕ;349
3557269;Прогресс;🏭 СРЕДНИЕ;350
1417962;РИВС;🏭 СРЕДНИЕ;351
87304;Wone Hotels (Palace Bridge, Vasilievsky and Olympia Garden Hotels);🏭 СРЕДНИЕ;352
2546420;Колибри;🏭 СРЕДНИЕ;353
2565492;Первый Трест;🏭 СРЕДНИЕ;354
605002;СИТЕК;🏭 СРЕДНИЕ;355
25240;5 КармаNов;🏭 СРЕДНИЕ;356
5047552;Контакт-центр АльфаЛайн;🏭 СРЕДНИЕ;357
62276;Мировая Техника;🏭 СРЕДНИЕ;358
1885395;R-Vision;🏭 СРЕДНИЕ;359
160829;МЕДИПАЛ;🏭 СРЕДНИЕ;360
1175051;Континент (СК Континент, Континент-риэлти, УМД Континент);🏭 СРЕДНИЕ;361
1258640;Мосстройинформ;🏭 СРЕДНИЕ;362
1140788;Линия 7;🏭 СРЕДНИЕ;363
91449;БЕТСИТИ;🏭 СРЕДНИЕ;364
3558153;ГК ТЕХПРОМ;🏭 СРЕДНИЕ;365
986791;Garage Eight;🏭 СРЕДНИЕ;366
7102;Росагролизинг;🏭 СРЕДНИЕ;367
1120259;МаслоМаркет;🏭 СРЕДНИЕ;368
5344909;Encore;🏭 СРЕДНИЕ;369
1053102;AVS;🏭 СРЕДНИЕ;370
2023248;Sport Point (JNS/ASP/NSP);🏭 СРЕДНИЕ;371
5015933;Crockid (Крокид);🏭 СРЕДНИЕ;372
1448300;Торговый дом ЛАВР;🏭 СРЕДНИЕ;373
3959394;ООО «Интер РАО – Управление сервисами»;🏭 СРЕДНИЕ;374
5212;Счетный дом;🏭 СРЕДНИЕ;375
49977;ИГОРА;🏭 СРЕДНИЕ;376
206088;АО Завод Энергокабель;🏭 СРЕДНИЕ;377
625980;Мишель и К;🏭 СРЕДНИЕ;378
999442;amoCRM;🏭 СРЕДНИЕ;379
2527584;Мой Мир;🏭 СРЕДНИЕ;380
177137;Аэроэкспресс;🏭 СРЕДНИЕ;381
179;Мариллион;🏭 СРЕДНИЕ;382
1013235;ПАО РЭСК;🏭 СРЕДНИЕ;383
2502601;ГК ПРОФИ;🏭 СРЕДНИЕ;384
740448;Екатеринбургский завод по обработке цветных металлов;🏭 СРЕДНИЕ;385
5778059;Газпром ЦПС;🏭 СРЕДНИЕ;386
737274;МАВТ-Винотека, МАГНУМ-Винотека;🏭 СРЕДНИЕ;387
1235466;ABS GROUP;🏭 СРЕДНИЕ;388
2773057;ARQA Technologies;🏭 СРЕДНИЕ;389
2388403;РАЗУМ;🏭 СРЕДНИЕ;390
2463837;Стартекс;🏭 СРЕДНИЕ;391
4488077;LIFE PAY;🏭 СРЕДНИЕ;392
687817;Автомобильный холдинг Динамика;🏭 СРЕДНИЕ;393
4699231;Крюгер Хаус;🏭 СРЕДНИЕ;394
567049;Рунити (RU-CENTER, Рег.ру, SpaceWeb);🏭 СРЕДНИЕ;395
797208;ЭЛМА ГРУПП;🏭 СРЕДНИЕ;396
60973;КДМ;🏭 СРЕДНИЕ;397
8977564;EASYCODE;🏭 СРЕДНИЕ;398
1975264;Ситидрайв;🏭 СРЕДНИЕ;399
35928;ХимПартнеры;🏭 СРЕДНИЕ;400
3658004;НТК;🏭 СРЕДНИЕ;401
6040669;АВРОРА;🏭 СРЕДНИЕ;402
5648224;SSP SOFT;🏭 СРЕДНИЕ;403
1792242;УралКонтрольСервис;🏭 СРЕДНИЕ;404
2575;БСС;🏭 СРЕДНИЕ;405
4011252;Lynks Property Management;🏭 СРЕДНИЕ;406
9838419;Гермес;🏭 СРЕДНИЕ;407
589007;Арман;🏭 СРЕДНИЕ;408
603989;Банк Хлынов;🏭 СРЕДНИЕ;409
9582396;ДИДЖИ ТЕХ;🏭 СРЕДНИЕ;410
97695;НИКА СПРИНГ;🏭 СРЕДНИЕ;411
3749373;Appfox;🏭 СРЕДНИЕ;412
1788110;МИРТЕК;🏭 СРЕДНИЕ;413
1455208;Алвест;🏭 СРЕДНИЕ;414
992351;ВЕРАТЕК;🏭 СРЕДНИЕ;415
6050780;Р7 Групп;🏭 СРЕДНИЕ;416
5299555;Теплолюкс;🏭 СРЕДНИЕ;417
143833;Интерсвязь;🏭 СРЕДНИЕ;418
577513;НВК Ниагара;🏭 СРЕДНИЕ;419
742313;Транспортные технологии;🏭 СРЕДНИЕ;420
10610846;SL Soft;🏭 СРЕДНИЕ;421
2765446;СушиSell (Сушиселл);🏭 СРЕДНИЕ;422
745654;Литрес;🏭 СРЕДНИЕ;423
2976625;Фобос;🏭 СРЕДНИЕ;424
833549;Группа Компаний Нейс;🏭 СРЕДНИЕ;425
3473404;АНО ДПО НАДПО;🏭 СРЕДНИЕ;426
2207169;Comitas;🏭 СРЕДНИЕ;427
40085;КАДИС, Информационный центр;🏭 СРЕДНИЕ;428
2509634;WONE IT;🏭 СРЕДНИЕ;429
1753170;Тэкар;🏭 СРЕДНИЕ;430
4425313;Онлайн-школа Сотка;🏭 СРЕДНИЕ;431
4366805;Застройщик Новая жизнь Москва;🏭 СРЕДНИЕ;432
24712;БИГ (Принцесса, Тоника, Concept);🏭 СРЕДНИЕ;433
1829625;ЭТП ТЭК-Торг;🏭 СРЕДНИЕ;434
1096484;Tripster;🏭 СРЕДНИЕ;435
537756;Клиники СМТ (Поликликический комплекс и Клиника СМТ на Римского-Корсакова);🏭 СРЕДНИЕ;436
3343;АТОЛ;🏭 СРЕДНИЕ;437
849;Аудиторско-консалтинговая компания ФБК;🏭 СРЕДНИЕ;438
727104;ТАМАК;🏭 СРЕДНИЕ;439
1944802;Космосервис;🏭 СРЕДНИЕ;440
211437;Торговый Дом Ярмарка;🏭 СРЕДНИЕ;441
901238;АсАвто;🏭 СРЕДНИЕ;442
643398;Модерн Гласс;🏭 СРЕДНИЕ;443
7025;ООО Гринфилдс-Логистика;🏭 СРЕДНИЕ;444
2574256;СтройКрафт;🏭 СРЕДНИЕ;445
202825;Сеть медицинских клиник Персона и Прозрение;🏭 СРЕДНИЕ;446
3912032;ХомТелеком24;🏭 СРЕДНИЕ;447
55139;Центр СМ и ИДЕИ ДЛЯ ДОМА;🏭 СРЕДНИЕ;448
898939;Вольтаж;🏭 СРЕДНИЕ;449
4549924;Dasko Group;🏭 СРЕДНИЕ;450
2488771;Directum;🏭 СРЕДНИЕ;451
5334;Sun Pharma;🏭 СРЕДНИЕ;452
673824;Технодом;🏭 СРЕДНИЕ;453
1412235;АРТ-Оснастка;🏭 СРЕДНИЕ;454
1219016;«Театральные Технологические Системы»;🏭 СРЕДНИЕ;455
10096;ЭЛКОД;🏭 СРЕДНИЕ;456
1784828;Полиом;🏭 СРЕДНИЕ;457
1171609;Д-ТРАНС;🏭 СРЕДНИЕ;458
39563;SRG group;🏭 СРЕДНИЕ;459
1675678;Клиника Здоровье;🏭 СРЕДНИЕ;460
94312;Layta-системы безопасности;🏭 СРЕДНИЕ;461
1705975;Витта Компани (Аптечная сеть Диалог);🏭 СРЕДНИЕ;462
688647;АСНА;🏭 СРЕДНИЕ;463
2015060;IBS Dunice;🏭 СРЕДНИЕ;464
11474094;Glory Group;🏭 СРЕДНИЕ;465
97088;Лунда;🏭 СРЕДНИЕ;466
2964641;"ОСК 1520 *
* по результатам опроса офисных сотрудников";🏭 СРЕДНИЕ;467
601351;Rineco Group;🏭 СРЕДНИЕ;468
880548;Лиммэн;🏭 СРЕДНИЕ;469
934944;ГАУ Технопарк в сфере высоких технологий ИТ-парк;🏭 СРЕДНИЕ;470
946607;СберКорус;🏭 СРЕДНИЕ;471
536440;Оптима и Lamel;🏭 СРЕДНИЕ;472
2930821;блеск;🏭 СРЕДНИЕ;473
117181;Оптима;🏭 СРЕДНИЕ;474
239544;UNITED COLORS OF BENETTON;🏭 СРЕДНИЕ;475
2530610;СМАРТ ОРАНЖ;🏭 СРЕДНИЕ;476
564093;ВЭЙ-ГРУПП WAY-GROUP;🏭 СРЕДНИЕ;477
5252384;Кафе МУ-МУ;🏭 СРЕДНИЕ;478
1508108;Canavara Group;🏭 СРЕДНИЕ;479
166030;АО ВНИИГ им. Б.Е. Веденеева;🏭 СРЕДНИЕ;480
11343361;ПОЛИПЛАСТ СЕВЕРО-ЗАПАД;🏭 СРЕДНИЕ;481
3598265;МИР ВЕНДИНГА;🏭 СРЕДНИЕ;482
2930635;ФБУ «УРАЛТЕСТ»;🏭 СРЕДНИЕ;483
794861;ТК АЛЬФА;🏭 СРЕДНИЕ;484
3494169;Бифорком Тек;🏭 СРЕДНИЕ;485
544626;NBCom Group;🏭 СРЕДНИЕ;486
539524;СТАЛКЕР-КОНСАЛТИНГ;🏭 СРЕДНИЕ;487
797462;e2e4 Магазин компьютерной и цифровой техники;🏭 СРЕДНИЕ;488
3611874;Хмельницкие булочные;🏭 СРЕДНИЕ;489
1314696;ХОЛДИНГОВАЯ КОМПАНИЯ СДС - ЭНЕРГО;🏭 СРЕДНИЕ;490
1867417;SWG | светодиодное освещение;🏭 СРЕДНИЕ;491
2515904;Кондитерская фабрика «ФАНТЭЛЬ»;🏭 СРЕДНИЕ;492
2392023;Медиагруппа РИМ;🏭 СРЕДНИЕ;493
735216;Апогей;🏭 СРЕДНИЕ;494
1713617;РНГ;🏭 СРЕДНИЕ;495
95579;Страховая компания «ПАРИ»;🏭 СРЕДНИЕ;496
639985;Ленгидропроект;🏭 СРЕДНИЕ;497
912251;Прио-Внешторгбанк;🏭 СРЕДНИЕ;498
4680;ЛогЛаб;🏭 СРЕДНИЕ;499
4969;Регстаэр;🏭 СРЕДНИЕ;500
101929;Национальная почтовая служба (НПС);🏭 СРЕДНИЕ;501
1068711;ТИОН (системы очистки воздуха);🏭 СРЕДНИЕ;502
2562503;Гарант-Логистика;🏭 СРЕДНИЕ;503
87486;Strotskis Group (Eurosvet, Werkel, Elektrostandard, Minimir Home);🏭 СРЕДНИЕ;504
2389012;Владторг (Юнион);🏭 СРЕДНИЕ;505
631288;ИСГ МАВИС;🏭 СРЕДНИЕ;506
868953;Торговая сеть OHARA;🏭 СРЕДНИЕ;507
1651;Завод упаковочных изделий ТОКК;🏭 СРЕДНИЕ;508
4137277;Lofty;🏭 СРЕДНИЕ;509
4367177;Sturm!;🏭 СРЕДНИЕ;510
1543992;МЕРА;🏭 СРЕДНИЕ;511
79116;Здравица. Медицинский центр;🏭 СРЕДНИЕ;512
4270610;КОСМО БЬЮТИ (Likato Professional, EpilProfi, Sentenslab, L`AVANT, SOLTIS, BAOVAO, EcoclarHome);🏭 СРЕДНИЕ;513
2648270;Феникс;🏭 СРЕДНИЕ;514
104953;BNS Group;🏭 СРЕДНИЕ;515
1492002;Намерение (DECOR);🏭 СРЕДНИЕ;516
1554243;Федеральный девелопер Неометрия;🏭 СРЕДНИЕ;517
10570877;Дирекция по работе с участниками Фонда Росконгресс (RC DreamteaM);🏭 СРЕДНИЕ;518
9418562;ТрансРесурс;🏭 СРЕДНИЕ;519
1993100;Гриндата;🏭 СРЕДНИЕ;520
49433;Группа Компаний Троя;🏭 СРЕДНИЕ;521
1552647;САТРО-ПАЛАДИН;🏭 СРЕДНИЕ;522
42202;ГК Аккорд;🏭 СРЕДНИЕ;523
1039934;Галэкс;🏭 СРЕДНИЕ;524
4993974;БИТСЕРВИС;🏭 СРЕДНИЕ;525
2678606;Мед ТеКо;🏭 СРЕДНИЕ;526
5379917;ППК Единый заказчик;🏭 СРЕДНИЕ;527
1009313;Санаторий Машук Аква - Терм;🏭 СРЕДНИЕ;528
2096454;Ломбард Драгоценности Урала;🏭 СРЕДНИЕ;529
2917354;Ваша мебель;🏭 СРЕДНИЕ;530
1696323;ООО Сыктывкархлеб;🏭 СРЕДНИЕ;531
10330901;MОRE Spa & Resort;🏭 СРЕДНИЕ;532
4280547;ИТ Контакт;🏭 СРЕДНИЕ;533
2467244;Первый гипермаркет мебели;🏭 СРЕДНИЕ;534
924;OSTEC;🏭 СРЕДНИЕ;535
3745085;2 MOOD;🏭 СРЕДНИЕ;536
207060;Группа компаний ВЕЗУ;🏭 СРЕДНИЕ;537
4431705;Абсолют страхование;🏭 СРЕДНИЕ;538
48855;Терморос;🏭 СРЕДНИЕ;539
1163045;Княгиня;🏭 СРЕДНИЕ;540
582502;LEDEL;🏭 СРЕДНИЕ;541
1517702;СамГЭС;🏭 СРЕДНИЕ;542
3025715;СпецДорПроект;🏭 СРЕДНИЕ;543
1348698;Агропроф;🏭 СРЕДНИЕ;544
42520;Eleganzza;🏭 СРЕДНИЕ;545
3182591;Центр коммунального сервиса;🏭 СРЕДНИЕ;546
3983;Safmar Hotels;🏭 СРЕДНИЕ;547
977;БЕЗАНТ;🏭 СРЕДНИЕ;548
749522;Пинта;🏭 СРЕДНИЕ;549
10660064;Акционерное общество ГОТХ;🏭 СРЕДНИЕ;550
2484910;Агентство судебного взыскания;🏭 СРЕДНИЕ;551
1014;BAON;🏭 СРЕДНИЕ;552
173125;Сеть обувных магазинов БашМаг;🏭 СРЕДНИЕ;553
5718360;ООО А-Восток;🏭 СРЕДНИЕ;554
2146;Кенгуру;🏭 СРЕДНИЕ;555
750926;ANTIGA;🏭 СРЕДНИЕ;556
1841810;Новосибирская Пивоваренная компания (Медный Великан);🏭 СРЕДНИЕ;557
2805637;Городская стоматологическая поликлиника №33;🏭 СРЕДНИЕ;558
1326006;Группа VIRA;🏭 СРЕДНИЕ;559
2490301;KEDDO;🏭 СРЕДНИЕ;560
187446;Диета-18;🏭 СРЕДНИЕ;561
55126;НПК ВИП;🏭 СРЕДНИЕ;562
79736;Бланк – банк для бизнеса;🏭 СРЕДНИЕ;563
970963;Р.Д. Менеджмент сервисез;🏭 СРЕДНИЕ;564
1806909;KRAVT GROUP;🏭 СРЕДНИЕ;565
1469825;НВДС;🏭 СРЕДНИЕ;566
1546343;ООО Уфагормолзавод;🏭 СРЕДНИЕ;567
125265;Lesaffre;🏭 СРЕДНИЕ;568
27735;EcoStandard group;🏭 СРЕДНИЕ;569
1444902;Дальневосточный банк;🏭 СРЕДНИЕ;570
657304;Нижегородмебель и К;🏭 СРЕДНИЕ;571
181745;NetLab;🏭 СРЕДНИЕ;572
2492492;Свит Кэт Шоп;🏭 СРЕДНИЕ;573
851204;ТД Вертикаль;🏭 СРЕДНИЕ;574
2354030;Самотлортранс;🏭 СРЕДНИЕ;575
1168000;Колымаэнерго;🏭 СРЕДНИЕ;576
2807265;modi;🏭 СРЕДНИЕ;577
1926557;LICHI;🏭 СРЕДНИЕ;578
101329;Бетховен (сеть зоомагазинов);🏭 СРЕДНИЕ;579
4484134;Девелоника;🏭 СРЕДНИЕ;580
54964;БАНК ИПБ;🏭 СРЕДНИЕ;581
1397355;ВОТОНЯ;🏭 СРЕДНИЕ;582
4813186;Завод ЭЛЕКТРОПУЛЬТ;🏭 СРЕДНИЕ;583
2846209;Югра-Сервис;🏭 СРЕДНИЕ;584
201582;ТК Брозэкс;🏭 СРЕДНИЕ;585
34548;Банк Кузнецкий;🏭 СРЕДНИЕ;586
1392066;TOPTOP;🏭 СРЕДНИЕ;587
733511;ИН ХОУМ;🏭 СРЕДНИЕ;588
153479;Цифровые решения;🏭 СРЕДНИЕ;589
10362530;Север-Метрополь;🏭 СРЕДНИЕ;590
899317;ТСК Групп;🏭 СРЕДНИЕ;591
1172800;CROSS TECHNOLOGIES;🏪 НЕБОЛЬШИЕ;1
4522726;TS Solution;🏪 НЕБОЛЬШИЕ;2
170966;Дом-Строй;🏪 НЕБОЛЬШИЕ;3
3391691;Rabbit Group;🏪 НЕБОЛЬШИЕ;4
8620;Афиша;🏪 НЕБОЛЬШИЕ;5
10009773;Оборонавто;🏪 НЕБОЛЬШИЕ;6
10991340;КСБ-СОФТ;🏪 НЕБОЛЬШИЕ;7
2842296;RTA агентство digital-маркетинга;🏪 НЕБОЛЬШИЕ;8
677539;Издательство МИФ;🏪 НЕБОЛЬШИЕ;9
1721725;Rocket10;🏪 НЕБОЛЬШИЕ;10
1550729;Artox Media Digital Group (AMDG);🏪 НЕБОЛЬШИЕ;11
2665518;Digital Info;🏪 НЕБОЛЬШИЕ;12
705238;Жилой Квартал;🏪 НЕБОЛЬШИЕ;13
1303772;EstateLiga - международное агентство недвижимости;🏪 НЕБОЛЬШИЕ;14
9594162;Агентство недвижимости ИНФИНИТИ;🏪 НЕБОЛЬШИЕ;15
16233;Ашманов и партнеры;🏪 НЕБОЛЬШИЕ;16
1385131;Живем Дома;🏪 НЕБОЛЬШИЕ;17
2543027;СберМобайл;🏪 НЕБОЛЬШИЕ;18
1367924;Ситилинк;🏪 НЕБОЛЬШИЕ;19
5846464;Magnetto.pro;🏪 НЕБОЛЬШИЕ;20
8910437;АН АстраДом Realty;🏪 НЕБОЛЬШИЕ;21
1839614;BGS Group;🏪 НЕБОЛЬШИЕ;22
787073;СибТехПроект;🏪 НЕБОЛЬШИЕ;23
4315550;АЗБУКА-НОВОСТРОЕК;🏪 НЕБОЛЬШИЕ;24
1679922;Химпром;🏪 НЕБОЛЬШИЕ;25
2560172;СТРОИТЕЛЬНОЕ ПРОЕКТИРОВАНИЕ «КУБ»;🏪 НЕБОЛЬШИЕ;26
5288694;Архитектурно-проектное бюро «Основа»;🏪 НЕБОЛЬШИЕ;27
3551160;ГК АвтоГрад;🏪 НЕБОЛЬШИЕ;28
3481019;Уральский Медицинский колледж;🏪 НЕБОЛЬШИЕ;29
2182358;отель Novotel;🏪 НЕБОЛЬШИЕ;30
557022;Completo;🏪 НЕБОЛЬШИЕ;31
4263468;Центр зрения Микрохирургия;🏪 НЕБОЛЬШИЕ;32
4491439;Палиндром;🏪 НЕБОЛЬШИЕ;33
2437802;Leon;🏪 НЕБОЛЬШИЕ;34
584898;MediaNation;🏪 НЕБОЛЬШИЕ;35
1642130;Ужин Дома;🏪 НЕБОЛЬШИЕ;36
5828334;Easy Media;🏪 НЕБОЛЬШИЕ;37
1800569;VERTEX;🏪 НЕБОЛЬШИЕ;38
4767715;Energy Team;🏪 НЕБОЛЬШИЕ;39
2581707;Big Media Moscow;🏪 НЕБОЛЬШИЕ;40
5294692;One Moscow;🏪 НЕБОЛЬШИЕ;41
3859024;СПб ГБУК Театр Эстрады имени Аркадия Райкина;🏪 НЕБОЛЬШИЕ;42
4525885;Clicklead;🏪 НЕБОЛЬШИЕ;43
419011;IT-Agency;🏪 НЕБОЛЬШИЕ;44
1097167;Завод ЭМА;🏪 НЕБОЛЬШИЕ;45
2171474;ГБУ НСО Центр информационных технологий НСО;🏪 НЕБОЛЬШИЕ;46
1578165;Фридом;🏪 НЕБОЛЬШИЕ;47
1005668;Onpoint;🏪 НЕБОЛЬШИЕ;48
800646;101 Интернет;🏪 НЕБОЛЬШИЕ;49
23129;АвтоБосс;🏪 НЕБОЛЬШИЕ;50
5176333;Газпромбанк Мобайл;🏪 НЕБОЛЬШИЕ;51
11065321;ООО ТИТ;🏪 НЕБОЛЬШИЕ;52
1721871;Programming Store (PROSTO);🏪 НЕБОЛЬШИЕ;53
3808162;RAKETA;🏪 НЕБОЛЬШИЕ;54
4715170;Проектное бюро ЛУЧ;🏪 НЕБОЛЬШИЕ;55
2253266;СДЭК Татарстан;🏪 НЕБОЛЬШИЕ;56
3801622;Круиз.онлайн;🏪 НЕБОЛЬШИЕ;57
229448;Жилищно-ипотечный Центр Каян;🏪 НЕБОЛЬШИЕ;58
903138;МКК Микроденьги;🏪 НЕБОЛЬШИЕ;59
10853650;AWG;🏪 НЕБОЛЬШИЕ;60
1656469;ВЭР;🏪 НЕБОЛЬШИЕ;61
1478594;Мобиус Технологии;🏪 НЕБОЛЬШИЕ;62
5898781;AFTRANS;🏪 НЕБОЛЬШИЕ;63
2230316;FINNTRAIL;🏪 НЕБОЛЬШИЕ;64
4941084;VA services;🏪 НЕБОЛЬШИЕ;65
997198;MS.Phone;🏪 НЕБОЛЬШИЕ;66
5585118;Development Systems;🏪 НЕБОЛЬШИЕ;67
2018934;K-Holding;🏪 НЕБОЛЬШИЕ;68
1955882;KITFORT;🏪 НЕБОЛЬШИЕ;69
4000673;Институт инноваций и права;🏪 НЕБОЛЬШИЕ;70
1659588;ТРАНСКЕМИКЛ - экспресс;🏪 НЕБОЛЬШИЕ;71
2722276;Koza Group;🏪 НЕБОЛЬШИЕ;72
3438667;GREEN Engineering & Consulting;🏪 НЕБОЛЬШИЕ;73
2692933;Имплекс;🏪 НЕБОЛЬШИЕ;74
2677415;Технология Движения;🏪 НЕБОЛЬШИЕ;75
1447458;FURLA;🏪 НЕБОЛЬШИЕ;76
668994;KPBS;🏪 НЕБОЛЬШИЕ;77
71287;Консалтинговая группа Текарт;🏪 НЕБОЛЬШИЕ;78
2237057;Deliver;🏪 НЕБОЛЬШИЕ;79
5957289;ООО ЛабКлаб;🏪 НЕБОЛЬШИЕ;80
2421438;ПК ГЕФЕСТ;🏪 НЕБОЛЬШИЕ;81
3279947;CaseGuru;🏪 НЕБОЛЬШИЕ;82
1728689;СтандАрт;🏪 НЕБОЛЬШИЕ;83
893288;ОГРК-Центр;🏪 НЕБОЛЬШИЕ;84
999604;Surf;🏪 НЕБОЛЬШИЕ;85
3862263;Leadgen.market;🏪 НЕБОЛЬШИЕ;86
2778836;ТПО УралНеруд Гранитный завод;🏪 НЕБОЛЬШИЕ;87
79064;Портал-Юг;🏪 НЕБОЛЬШИЕ;88
1127911;ТаймЛизинг;🏪 НЕБОЛЬШИЕ;89
1391608;Grand Autograph Hotel Novosibirsk;🏪 НЕБОЛЬШИЕ;90
12550;FORMA;🏪 НЕБОЛЬШИЕ;91
1145559;2UP;🏪 НЕБОЛЬШИЕ;92
617434;Adventum;🏪 НЕБОЛЬШИЕ;93
2253647;Образовательный Стандарт;🏪 НЕБОЛЬШИЕ;94
9896169;ICL Astra Services;🏪 НЕБОЛЬШИЕ;95
2793022;ENGERTA;🏪 НЕБОЛЬШИЕ;96
1322149;Tasty Coffee;🏪 НЕБОЛЬШИЕ;97
1902;FRONTSIDE;🏪 НЕБОЛЬШИЕ;98
968753;ГИГАНТ;🏪 НЕБОЛЬШИЕ;99
4650203;Центр дентальной имплантологии челюстно-лицевой и пластической хирургии ESTETUS;🏪 НЕБОЛЬШИЕ;100
4570942;PIX Robotics;🏪 НЕБОЛЬШИЕ;101
3536900;ПЛАТФОРМА ОФД;🏪 НЕБОЛЬШИЕ;102
2007202;Экоторг М;🏪 НЕБОЛЬШИЕ;103
72941;Beetl;🏪 НЕБОЛЬШИЕ;104
2615154;Law Business Group;🏪 НЕБОЛЬШИЕ;105
3079203;Астим;🏪 НЕБОЛЬШИЕ;106
2855884;Девелоперская группа «Сити21»;🏪 НЕБОЛЬШИЕ;107
4372397;ROIburo;🏪 НЕБОЛЬШИЕ;108
5141709;Monkey Grinder;🏪 НЕБОЛЬШИЕ;109
1270059;Алцея;🏪 НЕБОЛЬШИЕ;110
973184;Завод Пластиковых Труб;🏪 НЕБОЛЬШИЕ;111
248018;Неохим;🏪 НЕБОЛЬШИЕ;112
109088;Энергосила;🏪 НЕБОЛЬШИЕ;113
379770;М.К.3;🏪 НЕБОЛЬШИЕ;114
1190518;SBS Consulting;🏪 НЕБОЛЬШИЕ;115
4653155;Next Level Agency;🏪 НЕБОЛЬШИЕ;116
1037425;ЕвроОбувь;🏪 НЕБОЛЬШИЕ;117
10053172;СТАЛЬМЕТУРАЛ;🏪 НЕБОЛЬШИЕ;118
1192428;Wall Street studio;🏪 НЕБОЛЬШИЕ;119
1209423;PROFCOSMO;🏪 НЕБОЛЬШИЕ;120
916450;ST LUCE;🏪 НЕБОЛЬШИЕ;121
598439;Джи Эф Си (GFC);🏪 НЕБОЛЬШИЕ;122
1977138;УралМетПром;🏪 НЕБОЛЬШИЕ;123
3197053;Центр Охраны Труда НСС Консалт;🏪 НЕБОЛЬШИЕ;124
740012;Авто Финанс Банк;🏪 НЕБОЛЬШИЕ;125
10037549;OptiTeam;🏪 НЕБОЛЬШИЕ;126
793942;Эн-Системс;🏪 НЕБОЛЬШИЕ;127
1708289;Умная логистика;🏪 НЕБОЛЬШИЕ;128
2287613;Siberian.pro;🏪 НЕБОЛЬШИЕ;129
3436980;URA.RU;🏪 НЕБОЛЬШИЕ;130
4328663;Конфитрейд;🏪 НЕБОЛЬШИЕ;131
82243;Российское Автомобильное Товарищество;🏪 НЕБОЛЬШИЕ;132
11211180;ПРОМВИАР;🏪 НЕБОЛЬШИЕ;133
1845685;Стоматологический холдинг MENDELEEV;🏪 НЕБОЛЬШИЕ;134
726289;Вебпрактик;🏪 НЕБОЛЬШИЕ;135
3199168;hateagency;🏪 НЕБОЛЬШИЕ;136
6087977;SIGIR;🏪 НЕБОЛЬШИЕ;137
709196;НЕО Кемикал;🏪 НЕБОЛЬШИЕ;138
70125;МЭФ LEGAL;🏪 НЕБОЛЬШИЕ;139
3107777;ЛЕО ТЕЛЕКОМ;🏪 НЕБОЛЬШИЕ;140
1725298;Логомашина;🏪 НЕБОЛЬШИЕ;141
922044;СМСФИНАНС;🏪 НЕБОЛЬШИЕ;142
4498984;Производственная фабрика НИКА (Пошив спец.одежды);🏪 НЕБОЛЬШИЕ;143
2978641;Юникор - заботливый сервис для дома и жизни.;🏪 НЕБОЛЬШИЕ;144
2835448;ИТС;🏪 НЕБОЛЬШИЕ;145
37300;TOUCH;🏪 НЕБОЛЬШИЕ;146
2659720;SEVERCON consortium;🏪 НЕБОЛЬШИЕ;147
47781;Единый Расчетный Центр (ЕРЦ);🏪 НЕБОЛЬШИЕ;148
44473;Капитал;🏪 НЕБОЛЬШИЕ;149
2184769;IT TEST;🏪 НЕБОЛЬШИЕ;150
3196645;MEDGRADE;🏪 НЕБОЛЬШИЕ;151
1076214;ГозПоддержка;🏪 НЕБОЛЬШИЕ;152
1555071;NHOOD;🏪 НЕБОЛЬШИЕ;153
150082;ITECH;🏪 НЕБОЛЬШИЕ;154
1186739;ТЛК-Групп;🏪 НЕБОЛЬШИЕ;155
1044;Консалтинговая компания Neo;🏪 НЕБОЛЬШИЕ;156
1750808;Atsearch Group;🏪 НЕБОЛЬШИЕ;157
2268038;Rush Agency;🏪 НЕБОЛЬШИЕ;158
4947640;НПЦ Кейсистемс - Безопасность;🏪 НЕБОЛЬШИЕ;159
949684;Инфостарт;🏪 НЕБОЛЬШИЕ;160
4761052;PROMO IT;🏪 НЕБОЛЬШИЕ;161
23880;Coral Travel;🏪 НЕБОЛЬШИЕ;162
3193358;ПТК Новопак;🏪 НЕБОЛЬШИЕ;163
976061;Altenar;🏪 НЕБОЛЬШИЕ;164
2339197;Клиника эстетической ортодонтии Конфиденция;🏪 НЕБОЛЬШИЕ;165
2910384;Prof-IT;🏪 НЕБОЛЬШИЕ;166
3505756;ЗАВОД ОГРАЖДЕНИЙ ГРАНЗА;🏪 НЕБОЛЬШИЕ;167
2063837;Robusta;🏪 НЕБОЛЬШИЕ;168
281;Odyssey Consulting Group;🏪 НЕБОЛЬШИЕ;169
3950616;ЮНИКС-ГРУПП;🏪 НЕБОЛЬШИЕ;170
923331;"Пожарная Компания *
* по результатам опроса офисных сотрудников";🏪 НЕБОЛЬШИЕ;171
5600306;Комэкспо;🏪 НЕБОЛЬШИЕ;172
1431967;Intaro;🏪 НЕБОЛЬШИЕ;173
114050;Марш - страховые брокеры;🏪 НЕБОЛЬШИЕ;174
4152486;Адвант;🏪 НЕБОЛЬШИЕ;175
138296;Партнер;🏪 НЕБОЛЬШИЕ;176
67701;HolidayHall;🏪 НЕБОЛЬШИЕ;177
4020062;Автосити;🏪 НЕБОЛЬШИЕ;178
784889;ЛЕВША;🏪 НЕБОЛЬШИЕ;179
3358722;RDV;🏪 НЕБОЛЬШИЕ;180
1382667;ЛенРусСтрой;🏪 НЕБОЛЬШИЕ;181
2725279;АльянсАвто;🏪 НЕБОЛЬШИЕ;182
144828;Магнат;🏪 НЕБОЛЬШИЕ;183
1288122;AG-Technologies;🏪 НЕБОЛЬШИЕ;184
3267659;ZeBrains;🏪 НЕБОЛЬШИЕ;185
2765;Manpower;🏪 НЕБОЛЬШИЕ;186
18870;Полилог;🏪 НЕБОЛЬШИЕ;187
2696688;UDV Group;🏪 НЕБОЛЬШИЕ;188
4857674;EGGSELLENT;🏪 НЕБОЛЬШИЕ;189
4294768;UP SUSHI, сеть ресторанов и доставки еды;🏪 НЕБОЛЬШИЕ;190
4351;Stardogs;🏪 НЕБОЛЬШИЕ;191
71812;Экстрим про;🏪 НЕБОЛЬШИЕ;192
3231933;Рапид Био;🏪 НЕБОЛЬШИЕ;193
10491049;ICL Cистемные Технологии;🏪 НЕБОЛЬШИЕ;194
587386;Illan Communications;🏪 НЕБОЛЬШИЕ;195
65670;Кронштадт;🏪 НЕБОЛЬШИЕ;196
5518950;Градум;🏪 НЕБОЛЬШИЕ;197
1549207;АгроТехника;🏪 НЕБОЛЬШИЕ;198
829;ОМБ;🏪 НЕБОЛЬШИЕ;199
1405780;Гринсайт;🏪 НЕБОЛЬШИЕ;200
4712148;ТиграЛ;🏪 НЕБОЛЬШИЕ;201
523;SOLO Office Interiors;🏪 НЕБОЛЬШИЕ;202
3882733;FintechIQ;🏪 НЕБОЛЬШИЕ;203
4068611;КТС-ПРОЕКТ;🏪 НЕБОЛЬШИЕ;204
1299234;Anna Key;🏪 НЕБОЛЬШИЕ;205
1490680;ГАУ ИДПО ДТСЗН;🏪 НЕБОЛЬШИЕ;206
3680460;CHARMSTORE;🏪 НЕБОЛЬШИЕ;207
4591801;Жизньмарт;🏪 НЕБОЛЬШИЕ;208
2150158;Трансавто-7;🏪 НЕБОЛЬШИЕ;209
102814;ПРАВО-Конструкция;🏪 НЕБОЛЬШИЕ;210
10762888;Центр Оформления Пропусков;🏪 НЕБОЛЬШИЕ;211
2657440;Effective Technologies;🏪 НЕБОЛЬШИЕ;212
5110107;Софт инжиниринг;🏪 НЕБОЛЬШИЕ;213
5087695;ELECTRONMOTORS;🏪 НЕБОЛЬШИЕ;214
4074430;Смарт Консалтинг;🏪 НЕБОЛЬШИЕ;215
1113433;MediaProNet;🏪 НЕБОЛЬШИЕ;216
211476;Admos;🏪 НЕБОЛЬШИЕ;217
4722815;ITQ Group;🏪 НЕБОЛЬШИЕ;218
1138244;Ветеринарные клиники СитиВет;🏪 НЕБОЛЬШИЕ;219
3915450;NEVELIN;🏪 НЕБОЛЬШИЕ;220
702898;НПЦ ПромВодОчистка;🏪 НЕБОЛЬШИЕ;221
4790707;Велунд Сталь;🏪 НЕБОЛЬШИЕ;222
3235798;Фабрикант;🏪 НЕБОЛЬШИЕ;223
6124816;Crosstech Solutions Group;🏪 НЕБОЛЬШИЕ;224
10309;Арарат Парк Хаятт Москва;🏪 НЕБОЛЬШИЕ;225
818282;Skilla Работа;🏪 НЕБОЛЬШИЕ;226
60975;DIS Group;🏪 НЕБОЛЬШИЕ;227
875259;Progressive Media (Прогрессив Медиа Девелопмент);🏪 НЕБОЛЬШИЕ;228
917215;Лидер-М;🏪 НЕБОЛЬШИЕ;229
2308037;Студия Ремонтов;🏪 НЕБОЛЬШИЕ;230
17930;UPECO;🏪 НЕБОЛЬШИЕ;231
2979330;Вегасток;🏪 НЕБОЛЬШИЕ;232
132015;Торговый Дом Кухня без границ (Биг Ланч, Бизнес Меню, Бизнес Ланч, MIVIMEX),;🏪 НЕБОЛЬШИЕ;233
4912696;Новоинжиниринг;🏪 НЕБОЛЬШИЕ;234
4313729;РЭС Инжиниринг;🏪 НЕБОЛЬШИЕ;235
907268;Soft Media Group;🏪 НЕБОЛЬШИЕ;236
850682;Туворк;🏪 НЕБОЛЬШИЕ;237
2518006;Wowhaus;🏪 НЕБОЛЬШИЕ;238
2977942;Уралэнерготел;🏪 НЕБОЛЬШИЕ;239
923844;ТМ БЛОКПОСТ;🏪 НЕБОЛЬШИЕ;240
1151801;MIE&MIESTILO;🏪 НЕБОЛЬШИЕ;241
2235077;СтройПлатформа;🏪 НЕБОЛЬШИЕ;242
3923916;WIM.Agency;🏪 НЕБОЛЬШИЕ;243
10807257;Реконструкция;🏪 НЕБОЛЬШИЕ;244
10895936;Группа MDI;🏪 НЕБОЛЬШИЕ;245
4712248;EDPRO онлайн-академия;🏪 НЕБОЛЬШИЕ;246
681451;"Хакасия.ру *
* по результатам опроса офисных сотрудников";🏪 НЕБОЛЬШИЕ;247
4069913;DOMCONNECT (Домконнект);🏪 НЕБОЛЬШИЕ;248
1716606;Уральская транспортная компания;🏪 НЕБОЛЬШИЕ;249
1631573;Технологии надёжности;🏪 НЕБОЛЬШИЕ;250
223137;Нева Электроника;🏪 НЕБОЛЬШИЕ;251
1802110;OpenDev(Опендэв);🏪 НЕБОЛЬШИЕ;252
2910585;Глобал Транс;🏪 НЕБОЛЬШИЕ;253
1576236;Qlean;🏪 НЕБОЛЬШИЕ;254
17046;КРОС;🏪 НЕБОЛЬШИЕ;255
3628851;NTech;🏪 НЕБОЛЬШИЕ;256
24068;NetPrint;🏪 НЕБОЛЬШИЕ;257
1847182;Астера;🏪 НЕБОЛЬШИЕ;258
3203706;Отель Рэдиссон;🏪 НЕБОЛЬШИЕ;259
3733050;Loyalty Labs;🏪 НЕБОЛЬШИЕ;260
5367559;АНО ДПО КУПНО;🏪 НЕБОЛЬШИЕ;261
84751;Оберон;🏪 НЕБОЛЬШИЕ;262
918500;Сибирский Бизнес (ГК Сибирский Бизнес, УК СибБизнес, СибБизнес);🏪 НЕБОЛЬШИЕ;263
1124769;Инглекс;🏪 НЕБОЛЬШИЕ;264
4335373;CARNADO;🏪 НЕБОЛЬШИЕ;265
1877035;БВБ АЛЬЯНС;🏪 НЕБОЛЬШИЕ;266
3116553;АВ ПРО;🏪 НЕБОЛЬШИЕ;267
138191;Константа;🏪 НЕБОЛЬШИЕ;268
4212733;Новый Мир;🏪 НЕБОЛЬШИЕ;269
3074362;ИКОРНЫЙ;🏪 НЕБОЛЬШИЕ;270
2255286;ПРАВОКАРД;🏪 НЕБОЛЬШИЕ;271
4289668;Гидро-Система;🏪 НЕБОЛЬШИЕ;272
4108451;Монтранс;🏪 НЕБОЛЬШИЕ;273
934019;TecForce;🏪 НЕБОЛЬШИЕ;274
3992497;Keepcode;🏪 НЕБОЛЬШИЕ;275
614346;Айдиго;🏪 НЕБОЛЬШИЕ;276
4606295;Модультранс;🏪 НЕБОЛЬШИЕ;277
1204287;Green House (Green Life, Здоровое питание);🏪 НЕБОЛЬШИЕ;278
6136467;Майоли Фарма;🏪 НЕБОЛЬШИЕ;279
10513;Компания Прогресс;🏪 НЕБОЛЬШИЕ;280
9824271;Альмак Прокат;🏪 НЕБОЛЬШИЕ;281
3086415;ГИДРОМОНТАЖ;🏪 НЕБОЛЬШИЕ;282
1056050;ПризываНет;🏪 НЕБОЛЬШИЕ;283
1849835;Русгеосинт;🏪 НЕБОЛЬШИЕ;284
243540;Спа-отель Карелия;🏪 НЕБОЛЬШИЕ;285
6094215;Unisender;🏪 НЕБОЛЬШИЕ;286
1812683;Е8;🏪 НЕБОЛЬШИЕ;287
955804;"Синтека *
* по результатам опроса офисных сотрудников";🏪 НЕБОЛЬШИЕ;288
5232264;Бидзаар;🏪 НЕБОЛЬШИЕ;289
48609;Раздолье;🏪 НЕБОЛЬШИЕ;290
2655085;RetailCRM;🏪 НЕБОЛЬШИЕ;291
9333530;Ветеринарные госпитали Прайд;🏪 НЕБОЛЬШИЕ;292
2632788;Японский Домик;🏪 НЕБОЛЬШИЕ;293
4268631;Bunny Shop;🏪 НЕБОЛЬШИЕ;294
2855579;ЗСТ;🏪 НЕБОЛЬШИЕ;295
2169609;KIT SOLER;🏪 НЕБОЛЬШИЕ;296
2486443;БИГЦЕНТР;🏪 НЕБОЛЬШИЕ;297
164496;Международный банк экономического сотрудничества;🏪 НЕБОЛЬШИЕ;298
1574870;ДИС;🏪 НЕБОЛЬШИЕ;299
3365276;Кондитерская фабрика Шоколадная Магия;🏪 НЕБОЛЬШИЕ;300
4320609;Инссмарт;🏪 НЕБОЛЬШИЕ;301
3349350;Дистиллерия Фортуна;🏪 НЕБОЛЬШИЕ;302
741691;Юнилин;🏪 НЕБОЛЬШИЕ;303
9333872;Восточный Ветер;🏪 НЕБОЛЬШИЕ;304
1761152;DDoS-Guard;🏪 НЕБОЛЬШИЕ;305
1110753;Бизнес-Гарант;🏪 НЕБОЛЬШИЕ;306
825;"Британские пекарни *
* по результатам опроса офисных сотрудников";🏪 НЕБОЛЬШИЕ;307
2191491;Radisson г. Ульяновск;🏪 НЕБОЛЬШИЕ;308
9744705;Центр Сертификации Дилер;🏪 НЕБОЛЬШИЕ;309
10129200;HospitalTechnik;🏪 НЕБОЛЬШИЕ;310
6082296;Печорин;🏪 НЕБОЛЬШИЕ;311
3304125;Nobilis.Team;🏪 НЕБОЛЬШИЕ;312
3401696;WeJET GROUP;🏪 НЕБОЛЬШИЕ;313
2159137;div.;🏪 НЕБОЛЬШИЕ;314
3078011;"Baggins Coffee *
* по результатам опроса офисных сотрудников";🏪 НЕБОЛЬШИЕ;315
5462114;НАМО Им. Н.А. Бородина;🏪 НЕБОЛЬШИЕ;316
1996707;Toruda;🏪 НЕБОЛЬШИЕ;317
1504326;Р.О.С.Долг;🏪 НЕБОЛЬШИЕ;318
51495;Базис-Металл;🏪 НЕБОЛЬШИЕ;319
15;Наука-Связь;🏪 НЕБОЛЬШИЕ;320
2994882;LC GROUP;🏪 НЕБОЛЬШИЕ;321
4671996;ЭФОР;🏪 НЕБОЛЬШИЕ;322
213110;Кампотекс (WoolHouse, Alpecora);🏪 НЕБОЛЬШИЕ;323
2190230;Нмаркет.ПРО;🏪 НЕБОЛЬШИЕ;324
2235841;АКВАСТОК;🏪 НЕБОЛЬШИЕ;325
4406478;ЕРЦ ЖКХ;🏪 НЕБОЛЬШИЕ;326
1711204;One! International School;🏪 НЕБОЛЬШИЕ;327
4024275;РОСЬ - ИНЖИНИРИНГ;🏪 НЕБОЛЬШИЕ;328
3776815;КРОН;🏪 НЕБОЛЬШИЕ;329
10696650;Only Staff;🏪 НЕБОЛЬШИЕ;330
3711635;Точка Любви;🏪 НЕБОЛЬШИЕ;331
2588380;Рейтинг Букмекеров;🏪 НЕБОЛЬШИЕ;332
2639875;ГК ГАЗСТРОЙТЕХ;🏪 НЕБОЛЬШИЕ;333
2966585;Gems;🏪 НЕБОЛЬШИЕ;334
1763330;Ангелы АйТи;🏪 НЕБОЛЬШИЕ;335
1444665;НТА-Пром;🏪 НЕБОЛЬШИЕ;336
7865;7ЦВЕТОВ;🏪 НЕБОЛЬШИЕ;337
2505704;Cloud Networks;🏪 НЕБОЛЬШИЕ;338
1792349;Каменный город;🏪 НЕБОЛЬШИЕ;339
3986324;ТМ АРМЕД;🏪 НЕБОЛЬШИЕ;340
4189820;Фруктовая лавка;🏪 НЕБОЛЬШИЕ;341
1630641;CarX Technologies;🏪 НЕБОЛЬШИЕ;342
783224;ЦЕНТРСВЕТ;🏪 НЕБОЛЬШИЕ;343
5583507;Malvid;🏪 НЕБОЛЬШИЕ;344
604654;Абак-2000;🏪 НЕБОЛЬШИЕ;345
12969;Группа компаний ПроАгро;🏪 НЕБОЛЬШИЕ;346
612087;НПЦ ПРОМЭЛЕКТРОНИКА;🏪 НЕБОЛЬШИЕ;347
2681870;AVANT;🏪 НЕБОЛЬШИЕ;348
98570;Finestra (Финестра);🏪 НЕБОЛЬШИЕ;349
3494661;НЭТЕР;🏪 НЕБОЛЬШИЕ;350
687762;DKRS;🏪 НЕБОЛЬШИЕ;351
173110;ООО Технология Чистоты;🏪 НЕБОЛЬШИЕ;352
555373;Студия Олега Чулакова;🏪 НЕБОЛЬШИЕ;353
32566;АЭРО;🏪 НЕБОЛЬШИЕ;354
9543437;Турков;🏪 НЕБОЛЬШИЕ;355
1593897;Jivo;🏪 НЕБОЛЬШИЕ;356
964957;MVS;🏪 НЕБОЛЬШИЕ;357
3688;ООО НДВ - СУПЕРМАРКЕТ НЕДВИЖИМОСТИ;🏪 НЕБОЛЬШИЕ;358
2066914;PPL;🏪 НЕБОЛЬШИЕ;359
1781598;РОСТЕСТ;🏪 НЕБОЛЬШИЕ;360
2995618;Зарядные станции Яблочков;🏪 НЕБОЛЬШИЕ;361
3879484;BSL;🏪 НЕБОЛЬШИЕ;362
1445609;Транспортная компания ASG;🏪 НЕБОЛЬШИЕ;363
4064374;ТехноПрист;🏪 НЕБОЛЬШИЕ;364
2805449;Red cup;🏪 НЕБОЛЬШИЕ;365
5315905;К5;🏪 НЕБОЛЬШИЕ;366
1035255;Моризо Диджитал;🏪 НЕБОЛЬШИЕ;367
544816;ARTW;🏪 НЕБОЛЬШИЕ;368
6063233;КСТ ЭНЕРГО ИНЖИНИРИНГ;🏪 НЕБОЛЬШИЕ;369
1670084;Консультант Плюс Сахалин;🏪 НЕБОЛЬШИЕ;370
3227416;МедСтандарт;🏪 НЕБОЛЬШИЕ;371
1062788;Napoleon IT;🏪 НЕБОЛЬШИЕ;372
859131;Simple pro;🏪 НЕБОЛЬШИЕ;373
2649911;Интай-Текстиль;🏪 НЕБОЛЬШИЕ;374
9942121;НСИС;🏪 НЕБОЛЬШИЕ;375
2702027;БИГ Фильтр;🏪 НЕБОЛЬШИЕ;376
9689563;Hair Sekta;🏪 НЕБОЛЬШИЕ;377
663935;Юста;🏪 НЕБОЛЬШИЕ;378
958277;НьюГолд;🏪 НЕБОЛЬШИЕ;379
592707;Нефтетанк;🏪 НЕБОЛЬШИЕ;380
561184;Маском Восток;🏪 НЕБОЛЬШИЕ;381
143735;LOGISTIX;🏪 НЕБОЛЬШИЕ;382
5093764;NAN Agency;🏪 НЕБОЛЬШИЕ;383
2021463;Телеком биржа;🏪 НЕБОЛЬШИЕ;384
71370;1С:Апрель Софт;🏪 НЕБОЛЬШИЕ;385
222440;Альфасигма Рус (Alfasigma);🏪 НЕБОЛЬШИЕ;386
2489728;Банкирро;🏪 НЕБОЛЬШИЕ;387
82956;СиЭс Медика;🏪 НЕБОЛЬШИЕ;388
1853073;Lenco;🏪 НЕБОЛЬШИЕ;389
102240;Cеть ювелирных салонов Сенат;🏪 НЕБОЛЬШИЕ;390
4067780;Greencosmetics;🏪 НЕБОЛЬШИЕ;391
4891;Strategy Partners;🏪 НЕБОЛЬШИЕ;392
5578336;АК КОНСАЛТИНГ ГРУП (AKCG);🏪 НЕБОЛЬШИЕ;393
772338;ИНТЕРВОЛГА;🏪 НЕБОЛЬШИЕ;394
1800863;Skillaz;🏪 НЕБОЛЬШИЕ;395
5999695;АЙДИ-ИНЖИНИРИНГ;🏪 НЕБОЛЬШИЕ;396
4858891;Урал Логистика;🏪 НЕБОЛЬШИЕ;397
3036223;Современная упаковка;🏪 НЕБОЛЬШИЕ;398
86890;СМС-информационные технологии;🏪 НЕБОЛЬШИЕ;399
137260;ПИК-ФАРМА;🏪 НЕБОЛЬШИЕ;400
3330057;SODST;🏪 НЕБОЛЬШИЕ;401
45768;Общество с ограниченной ответственностью ТРАНСМИССИЯ;🏪 НЕБОЛЬШИЕ;402
1277288;МЕТРИКС Development;🏪 НЕБОЛЬШИЕ;403
1353073;Supl.biz;🏪 НЕБОЛЬШИЕ;404
76049;Д2 Страхование;🏪 НЕБОЛЬШИЕ;405
556564;Portobello;🏪 НЕБОЛЬШИЕ;406
6067730;1221Системс;🏪 НЕБОЛЬШИЕ;407
2141777;Green Side;🏪 НЕБОЛЬШИЕ;408
4033508;Ваттсла;🏪 НЕБОЛЬШИЕ;409
8970868;DатаРу;🏪 НЕБОЛЬШИЕ;410
1054705;Информационные технологии бизнеса;🏪 НЕБОЛЬШИЕ;411
5442788;МЕРИДА;🏪 НЕБОЛЬШИЕ;412
37043;ИПЦ Консультант+Аскон;🏪 НЕБОЛЬШИЕ;413
810319;Аспро;🏪 НЕБОЛЬШИЕ;414
10939917;ГК Вектор (ООО);🏪 НЕБОЛЬШИЕ;415
1103357;Третий Дом;🏪 НЕБОЛЬШИЕ;416
3076696;ДЗХМ;🏪 НЕБОЛЬШИЕ;417
1744862;CRM-group;🏪 НЕБОЛЬШИЕ;418
4805832;LEVITA;🏪 НЕБОЛЬШИЕ;419
2534792;Money Shop;🏪 НЕБОЛЬШИЕ;420
1278462;ГАЗЗАЧАС;🏪 НЕБОЛЬШИЕ;421
38383;Бутербродная компания;🏪 НЕБОЛЬШИЕ;422
3517634;Sotiks;🏪 НЕБОЛЬШИЕ;423
3010108;SPASSKIY®;🏪 НЕБОЛЬШИЕ;424
4501260;Internet Revolution;🏪 НЕБОЛЬШИЕ;425
240410;Максима;🏪 НЕБОЛЬШИЕ;426
3648421;Дайя Групп;🏪 НЕБОЛЬШИЕ;427
1635225;City Outdoor и Archidea-Group;🏪 НЕБОЛЬШИЕ;428
30307;Limoni;🏪 НЕБОЛЬШИЕ;429
1833359;Транспортные Технологии;🏪 НЕБОЛЬШИЕ;430
1845090;Ваш инвестор;🏪 НЕБОЛЬШИЕ;431
156067;Верваг Фарма;🏪 НЕБОЛЬШИЕ;432
730764;Альтхаус;🏪 НЕБОЛЬШИЕ;433
3755923;"Управляющая компания №1 *
* по результатам опроса офисных сотрудников";🏪 НЕБОЛЬШИЕ;434
1076652;ЮК ЮрЭкс;🏪 НЕБОЛЬШИЕ;435
1756060;СоветникПРОФ;🏪 НЕБОЛЬШИЕ;436
39462;Центр крепежных изделий;🏪 НЕБОЛЬШИЕ;437
883330;ПРИЗ промышленная типография;🏪 НЕБОЛЬШИЕ;438
9580254;Вагнермайер (Wagnermaier);🏪 НЕБОЛЬШИЕ;439
10166660;Aspire Lifestyles;🏪 НЕБОЛЬШИЕ;440
2486536;MARKO;🏪 НЕБОЛЬШИЕ;441
1241772;Атом Безопасность;🏪 НЕБОЛЬШИЕ;442
1194368;Sipuni;🏪 НЕБОЛЬШИЕ;443
4701712;SimpleFinance;🏪 НЕБОЛЬШИЕ;444
1435354;К-Электротехник;🏪 НЕБОЛЬШИЕ;445
6068897;«ФЕНИКС»;🏪 НЕБОЛЬШИЕ;446
558950;CleanTowmMeadia;🏪 НЕБОЛЬШИЕ;447
3177833;УК СТП;🏪 НЕБОЛЬШИЕ;448
5949295;Алиот;🏪 НЕБОЛЬШИЕ;449
2409549;Импортсервис;🏪 НЕБОЛЬШИЕ;450
3603070;ПФ Русский Инструмент;🏪 НЕБОЛЬШИЕ;451
83801;Маст;🏪 НЕБОЛЬШИЕ;452
4142291;COFFEE LIKE;🏪 НЕБОЛЬШИЕ;453
3020834;У Михалыча;🏪 НЕБОЛЬШИЕ;454
2623691;КОПИРКА СПБ;🏪 НЕБОЛЬШИЕ;455
5162048;NL GROUP;🏪 НЕБОЛЬШИЕ;456
78627;АРТИКС (Artics Internet Solutions);🏪 НЕБОЛЬШИЕ;457
1026049;Микрозайм;🏪 НЕБОЛЬШИЕ;458
3086591;Доктис;🏪 НЕБОЛЬШИЕ;459
1104904;Касса №1;🏪 НЕБОЛЬШИЕ;460
4490308;КиО кухня;🏪 НЕБОЛЬШИЕ;461
988480;Шефмаркет;🏪 НЕБОЛЬШИЕ;462
802149;GEOX;🏪 НЕБОЛЬШИЕ;463
563278;Оптима лог;🏪 НЕБОЛЬШИЕ;464
127880;Агро-мастер;🏪 НЕБОЛЬШИЕ;465
6164545;ФОДЖИН;🏪 НЕБОЛЬШИЕ;466
3456333;Экспортер;🏪 НЕБОЛЬШИЕ;467
1386452;Парус;🏪 НЕБОЛЬШИЕ;468
2744096;ООО Голд Пак;🏪 НЕБОЛЬШИЕ;469
69650;Ракурс-инжиниринг;🏪 НЕБОЛЬШИЕ;470
3734359;Группа компаний Давай играть!;🏪 НЕБОЛЬШИЕ;471
2140160;МАКСМОЛЛ-ГРУПП;🏪 НЕБОЛЬШИЕ;472
993723;ВЭД Агент;🏪 НЕБОЛЬШИЕ;473
4807276;Санкт-Петербургский Дом книги;🏪 НЕБОЛЬШИЕ;474
2518570;Happy brands (Подарки оптом);🏪 НЕБОЛЬШИЕ;475
1107506;«Фарм-Трэйд»;🏪 НЕБОЛЬШИЕ;476
3338753;Qlean Labs;🏪 НЕБОЛЬШИЕ;477
48167;Инсис;🏪 НЕБОЛЬШИЕ;478
1510108;Финарди;🏪 НЕБОЛЬШИЕ;479
1280609;Энергия холода;🏪 НЕБОЛЬШИЕ;480
133087;Скейл Энтерпрайз;🏪 НЕБОЛЬШИЕ;481
1056606;AGORA;🏪 НЕБОЛЬШИЕ;482
35893;Сентисс;🏪 НЕБОЛЬШИЕ;483
9009067;Егэлэнд;🏪 НЕБОЛЬШИЕ;484
152781;ГК СервисСофт;🏪 НЕБОЛЬШИЕ;485
3320132;Группа компаний ЭМИЛИНК;🏪 НЕБОЛЬШИЕ;486
9805633;Симпл Фуд;🏪 НЕБОЛЬШИЕ;487
1416149;ТранснефтьЭлектросетьСервис;🏪 НЕБОЛЬШИЕ;488
625615;Открытые Решения;🏪 НЕБОЛЬШИЕ;489
979;Юридическая компания BLS;🏪 НЕБОЛЬШИЕ;490
10750915;ЕПК-ИТ;🏪 НЕБОЛЬШИЕ;491
1303524;Балтобувь;🏪 НЕБОЛЬШИЕ;492
202171;"Фармгеоком *
* по результатам опроса офисных сотрудников";🏪 НЕБОЛЬШИЕ;493
738;Аурига;🏪 НЕБОЛЬШИЕ;494
1224534;ПК АНЕКО;🏪 НЕБОЛЬШИЕ;495
49507;РЕЛЭКС;🏪 НЕБОЛЬШИЕ;496
3462594;ООО Курский молочный завод;🏪 НЕБОЛЬШИЕ;497
30099;ХОРЕКА МЕНЕДЖМЕНТ;🏪 НЕБОЛЬШИЕ;498
4984427;GREENWOOD;🏪 НЕБОЛЬШИЕ;499
4614421;RedLab;🏪 НЕБОЛЬШИЕ;500
5238084;ВАМСВЕТ;🏪 НЕБОЛЬШИЕ;501
1319572;Кабель.РФ®;🏪 НЕБОЛЬШИЕ;502
4819984;EGIDA;🏪 НЕБОЛЬШИЕ;503
9263550;CLOXY;🏪 НЕБОЛЬШИЕ;504
4273662;ТЕМП;🏪 НЕБОЛЬШИЕ;505
1030029;Спорт-Авто;🏪 НЕБОЛЬШИЕ;506
1424604;Морковь;🏪 НЕБОЛЬШИЕ;507
3178114;ГК АРСА;🏪 НЕБОЛЬШИЕ;508
5059914;Жилищный ответ;🏪 НЕБОЛЬШИЕ;509
4513765;БалтЭнергоМаш;🏪 НЕБОЛЬШИЕ;510
8923464;Эффорт Групп;🏪 НЕБОЛЬШИЕ;511
52511;Группа Компаний ХОСТ;🏪 НЕБОЛЬШИЕ;512
1190696;Техноберинг;🏪 НЕБОЛЬШИЕ;513
2236377;BRIGHTNET;🏪 НЕБОЛЬШИЕ;514
8119;ТПК МАГАМАКС;🏪 НЕБОЛЬШИЕ;515
2436969;Партнер Электро НН (ПЭНН);🏪 НЕБОЛЬШИЕ;516
654353;ПРИНТГРАД;🏪 НЕБОЛЬШИЕ;517
1362713;Премиальный медицинский центр Verba Mayr;🏪 НЕБОЛЬШИЕ;518
1327757;1000 и одна туфелька;🏪 НЕБОЛЬШИЕ;519
1068630;Ribambelle;🏪 НЕБОЛЬШИЕ;520
698368;Многопрофильный медицинский центр 100med;🏪 НЕБОЛЬШИЕ;521
913476;НТЦ «Вулкан»;🏪 НЕБОЛЬШИЕ;522
215942;ВИПАКС;🏪 НЕБОЛЬШИЕ;523
1350769;"Группа компаний Виктория *
* по результатам опроса офисных сотрудников";🏪 НЕБОЛЬШИЕ;524
10343640;"Южные электрические сети Камчатки *
* по результатам опроса офисных сотрудников";🏪 НЕБОЛЬШИЕ;525
972713;Жар Свежар;🏪 НЕБОЛЬШИЕ;526
1305911;Körting (Кёртинг РУС);🏪 НЕБОЛЬШИЕ;527
629142;Macroscop;🏪 НЕБОЛЬШИЕ;528
2613720;Интер Парк;🏪 НЕБОЛЬШИЕ;529
2752107;СЛТ Аква;🏪 НЕБОЛЬШИЕ;530
9815396;Ресан (ReSan);🏪 НЕБОЛЬШИЕ;531
2766470;Фастимпорт;🏪 НЕБОЛЬШИЕ;532
676202;BIOCARD;🏪 НЕБОЛЬШИЕ;533
4619710;Mia Clinic;🏪 НЕБОЛЬШИЕ;534
823316;НПФ ИТС;🏪 НЕБОЛЬШИЕ;535
5156941;Конгресс-отель Ареал;🏪 НЕБОЛЬШИЕ;536
82010;Управляющая компания БХХ «Оргхим, АО;🏪 НЕБОЛЬШИЕ;537
1620234;ТатАИСЭнерго;🏪 НЕБОЛЬШИЕ;538
14340;Зенит Р.С.;🏪 НЕБОЛЬШИЕ;539
117502;Диалог ИТ;🏪 НЕБОЛЬШИЕ;540
1093818;Полис;🏪 НЕБОЛЬШИЕ;541
621811;КЕСТО;🏪 НЕБОЛЬШИЕ;542
1153072;"StopExpress *
* по результатам опроса офисных сотрудников";🏪 НЕБОЛЬШИЕ;543
3032868;КЛАСС-ИНЖИНИРИНГ;🏪 НЕБОЛЬШИЕ;544
4221697;NBK Finance;🏪 НЕБОЛЬШИЕ;545
1915657;СПЕЦИАЛЬНЫЕ ТЕХНОЛОГИИ;🏪 НЕБОЛЬШИЕ;546
895977;Tiksan Group;🏪 НЕБОЛЬШИЕ;547
2409185;Ханты-Мансийский НПФ;🏪 НЕБОЛЬШИЕ;548
169127;СОФОС;🏪 НЕБОЛЬШИЕ;549
29830;Плакарт;🏪 НЕБОЛЬШИЕ;550
1343502;MAGELLAN TRANSPORT LOGISTICS;🏪 НЕБОЛЬШИЕ;551
5001114;СПБелт;🏪 НЕБОЛЬШИЕ;552
4510776;сеть зоомагазинов Мир хвостатых;🏪 НЕБОЛЬШИЕ;553
192896;Транзит-Ойл;🏪 НЕБОЛЬШИЕ;554
5763380;СИГД;🏪 НЕБОЛЬШИЕ;555
4968470;КНОПКАДЕНЬГИ;🏪 НЕБОЛЬШИЕ;556
605114;"ВОЛЖСКИЙ АБРАЗИВНЫЙ ЗАВОД *
* по результатам опроса офисных сотрудников";🏪 НЕБОЛЬШИЕ;557
5218611;ЧДК-ПРАВО;🏪 НЕБОЛЬШИЕ;558
2537166;Foodland;🏪 НЕБОЛЬШИЕ;559
232448;Секьюрити Эксперт;🏪 НЕБОЛЬШИЕ;560
9522266;ИнтерФУД;🏪 НЕБОЛЬШИЕ;561
1015404;МДК-ФИТНЕС (Атлетик);🏪 НЕБОЛЬШИЕ;562
245498;Монарх Москва Отель;🏪 НЕБОЛЬШИЕ;563
2784859;Инновационный Prevent Age курорт Первая Линия;🏪 НЕБОЛЬШИЕ;564
12105;Республика;🏪 НЕБОЛЬШИЕ;565
823900;Окно в Европу;🏪 НЕБОЛЬШИЕ;566
4446377;Практика;🏪 НЕБОЛЬШИЕ;567
736714;КрепыЖ;🏪 НЕБОЛЬШИЕ;568
2588093;МАТИГРУПП (РЕМОТДЕЛКА);🏪 НЕБОЛЬШИЕ;569
51609;Регистратор СТАТУС;🏪 НЕБОЛЬШИЕ;570
2272053;С-плюс;🏪 НЕБОЛЬШИЕ;571
36486;Маджента (Magenta, Magenta technology);🏪 НЕБОЛЬШИЕ;572
20475;НоваПродукт;🏪 НЕБОЛЬШИЕ;573
4231683;Квадрит;🏪 НЕБОЛЬШИЕ;574
2753;ИНТЕРЭКСПЕРТИЗА;🏪 НЕБОЛЬШИЕ;575
1407740;Пластиформ;🏪 НЕБОЛЬШИЕ;576
936785;ЭЙДОС;🏪 НЕБОЛЬШИЕ;577
42000;Нетрис;🏪 НЕБОЛЬШИЕ;578
3894765;UPPETIT;🏪 НЕБОЛЬШИЕ;579
88109;Лабмедиа;🏪 НЕБОЛЬШИЕ;580
4389963;ЛЕСОТОРГОВАЯ БАЗА;🏪 НЕБОЛЬШИЕ;581
51333;"Ассоциация Русский Аппетит *
* по результатам опроса офисных сотрудников";🏪 НЕБОЛЬШИЕ;582
3047171;Меринг Инжиниринг;🏪 НЕБОЛЬШИЕ;583
1432695;ТКФ Корпас;🏪 НЕБОЛЬШИЕ;584
98818;Группа индустриальных технологий;🏪 НЕБОЛЬШИЕ;585
1362817;Алатойс;🏪 НЕБОЛЬШИЕ;586
3071933;ЦКТ МАЙ;🏪 НЕБОЛЬШИЕ;587
1079673;Инсайт: Клиника | Институт;🏪 НЕБОЛЬШИЕ;588
2905;AND RUS;🏪 НЕБОЛЬШИЕ;589
863484;Группа компаний НПН;🏪 НЕБОЛЬШИЕ;590
1086140;ЭНФОРСИС;🏪 НЕБОЛЬШИЕ;591
